SCLK_A,SCLK_B,PMC,real_time_A,real_time_B,live_time_A,live_time_B,yellow_piece_temp,XPERCHAN_A,XPERCHAN_B,OFFSET_A,OFFSET_B
715362334,715362334,125,40,40,35.97554793810872,35.55373328363225,-5.013,7.862,7.880994,-18.5,-22.399988
715362378,715362378,126,40,40,35.97536742357602,35.82066903993625,-5.013,7.862,7.880994,-18.5,-22.399988
715362421,715362422,127,40,40,35.98600131032977,35.82221813112682,-5.013,7.862,7.880994,-18.5,-22.399988
715362465,715362466,128,40,40,35.96704658801747,35.53842815104697,-4.82,7.862,7.880994,-18.5,-22.399988
715362509,715362510,129,40,40,36.13163884186484,36.1209128276532,-5.013,7.862,7.880994,-18.5,-22.399988
715362553,715362553,130,40,40,36.10427008951614,35.47309822000574,-4.949,7.862,7.880994,-18.5,-22.399988
715362597,715362597,131,40,40,35.98243381146128,35.825090970527,-4.756,7.862,7.880994,-18.5,-22.399988
715362646,715362646,132,40,40,35.98714733479816,35.81944755291135,-4.756,7.862,7.880994,-18.5,-22.399988
715362690,715362690,133,40,40,35.97813266191909,35.54738937478869,-4.885,7.862,7.880994,-18.5,-22.399988
715362734,715362734,134,40,40,35.952581053350556,35.815909969556586,-5.109,7.862,7.880994,-18.5,-22.399988
715362777,715362778,135,40,40,35.979583507867595,35.57592850838483,-5.045,7.862,7.880994,-18.5,-22.399988
715362821,715362822,136,40,40,35.98560849309797,35.82842994334774,-5.077,7.862,7.880994,-18.5,-22.399988
715363002,715363003,137,40,40,35.9891141923542,35.54032479189852,-4.981,7.862,7.880994,-18.5,-22.399988
715363046,715363047,138,40,40,35.985928557471205,35.81101062278665,-4.981,7.862,7.880994,-18.5,-22.399988
715363090,715363091,139,40,40,36.12033110652622,35.53908745670272,-5.045,7.862,7.880994,-18.5,-22.399988
715363134,715363134,140,40,40,36.1257677612539,36.130593333533845,-5.109,7.862,7.880994,-18.5,-22.399988
715363177,715363178,141,40,40,35.98127675216621,35.806243771346274,-5.013,7.862,7.880994,-18.5,-22.399988
715363221,715363222,142,40,40,35.96509502552593,35.555307614725166,-4.853,7.862,7.880994,-18.5,-22.399988
715363270,715363271,143,40,40,35.95889489821116,35.8204869359789,-4.981,7.862,7.880994,-18.5,-22.399988
715363314,715363315,144,40,40,35.98241468350428,35.54031000229266,-5.045,7.862,7.880994,-18.5,-22.399988
715363358,715363359,145,40,40,35.97332153786568,35.82815703806583,-5.013,7.862,7.880994,-18.5,-22.399988
715363402,715363403,146,40,40,35.962659549670704,35.83764521185206,-5.045,7.862,7.880994,-18.5,-22.399988
715363446,715363447,147,40,40,35.98619405276774,35.54805610868257,-4.981,7.862,7.880994,-18.5,-22.399988
715363495,715363496,148,40,40,35.98576785627868,35.820397974042834,-5.077,7.862,7.880994,-18.5,-22.399988
715363539,715363540,149,40,40,36.0969579619939,35.542210636585054,-4.917,7.862,7.880994,-18.5,-22.399988
715363742,715363742,152,5,5,4.506326391188538,4.137117849289893,-5.109,7.862,7.880994,-18.5,-22.399988
715363749,715363750,153,5,5,4.504611904144144,4.502178919028939,-5.013,7.862,7.880994,-18.5,-22.399988
715363757,715363757,154,5,5,4.499382398544132,4.499751083402806,-5.045,7.862,7.880994,-18.5,-22.399988
715363765,715363765,155,5,5,4.503152910996288,4.507394397170876,-4.949,7.862,7.880994,-18.5,-22.399988
715363772,715363773,156,5,5,4.499629832826748,4.500112686425174,-4.885,7.862,7.880994,-18.5,-22.399988
715363785,715363786,157,5,5,4.49280086682739,4.499751505325009,-4.949,7.862,7.880994,-18.5,-22.399988
715363793,715363793,158,5,5,4.495500342726851,4.494875131966973,-4.949,7.862,7.880994,-18.5,-22.399988
715363800,715363801,159,5,5,4.495674767302888,4.502328587288167,-5.045,7.862,7.880994,-18.5,-22.399988
715363808,715363809,160,5,5,4.501115297036824,4.502934233182869,-4.917,7.862,7.880994,-18.5,-22.399988
715363816,715363816,161,5,5,4.503961228600201,4.492975090975254,-5.077,7.862,7.880994,-18.5,-22.399988
715363823,715363824,162,5,5,4.497418653109448,4.506781917601062,-5.077,7.862,7.880994,-18.5,-22.399988
715363831,715363831,163,5,5,4.500449411424857,4.494646254874549,-4.949,7.862,7.880994,-18.5,-22.399988
715363838,715363839,164,5,5,4.499906169276283,4.497362492234607,-4.788,7.862,7.880994,-18.5,-22.399988
715363846,715363847,165,5,5,4.5003903067572395,4.500043070776674,-5.045,7.862,7.880994,-18.5,-22.399988
715363854,715363854,166,5,5,4.50320436944103,4.1434858297657176,-4.981,7.862,7.880994,-18.5,-22.399988
715363861,715363862,167,5,5,4.501629638180691,4.499797547281324,-5.045,7.862,7.880994,-18.5,-22.399988
715363869,715363870,168,5,5,4.5017449418542625,4.492453082550017,-4.917,7.862,7.880994,-18.5,-22.399988
715363877,715363877,169,5,5,4.502328945228848,4.49989732714176,-5.013,7.862,7.880994,-18.5,-22.399988
715363884,715363885,170,5,5,4.499841561382598,4.501449946751864,-4.82,7.862,7.880994,-18.5,-22.399988
715363892,715363893,171,5,5,4.501630389615053,4.496642961131001,-4.82,7.862,7.880994,-18.5,-22.399988
715363900,715363900,172,5,5,4.500904623299993,4.495553624365482,-4.981,7.862,7.880994,-18.5,-22.399988
715363907,715363908,173,5,5,4.4918614991549495,4.495649310571241,-5.045,7.862,7.880994,-18.5,-22.399988
715363915,715363916,174,5,5,4.501653337159666,4.49672055779545,-4.853,7.862,7.880994,-18.5,-22.399988
715363923,715363923,175,5,5,4.501556573638927,4.5043228730094516,-4.885,7.862,7.880994,-18.5,-22.399988
715363931,715363931,176,5,5,4.5021541496868025,4.500124966858153,-4.788,7.862,7.880994,-18.5,-22.399988
715363938,715363939,177,5,5,4.501942776237624,4.501555649148507,-4.885,7.862,7.880994,-18.5,-22.399988
715363951,715363951,178,5,5,4.500942829404108,4.510930385756677,-4.853,7.862,7.880994,-18.5,-22.399988
715363958,715363959,179,5,5,4.508870033044792,4.165159180831456,-4.853,7.862,7.880994,-18.5,-22.399988
715363966,715363967,180,5,5,4.503194609628792,4.501772393686979,-4.949,7.862,7.880994,-18.5,-22.399988
715363979,715363979,181,5,5,4.499767863309095,4.49651239679492,-4.949,7.862,7.880994,-18.5,-22.399988
715363986,715363987,182,5,5,4.498035388367052,4.499193703214443,-4.82,7.862,7.880994,-18.5,-22.399988
715363994,715363995,183,5,5,4.497668784064087,4.494017989713285,-4.788,7.862,7.880994,-18.5,-22.399988
715364002,715364002,184,5,5,4.499914853852005,4.499974390054963,-4.981,7.862,7.880994,-18.5,-22.399988
715364009,715364010,185,5,5,4.501155561331311,4.503210028292181,-4.885,7.862,7.880994,-18.5,-22.399988
715364017,715364017,186,5,5,4.50095853991407,4.499359223567275,-4.788,7.862,7.880994,-18.5,-22.399988
715364025,715364025,187,5,5,4.506937742251224,4.50481557864049,-4.756,7.862,7.880994,-18.5,-22.399988
715364032,715364033,188,5,5,4.499132959805116,4.50375583070375,-4.788,7.862,7.880994,-18.5,-22.399988
715364040,715364041,189,5,5,4.496933176969165,4.493299656690141,-4.724,7.862,7.880994,-18.5,-22.399988
715364048,715364048,190,5,5,4.5043626631120075,4.500025809380836,-4.82,7.862,7.880994,-18.5,-22.399988
715364056,715364056,191,5,5,4.5009246080760095,4.504457282379491,-4.853,7.862,7.880994,-18.5,-22.399988
715364063,715364064,192,5,5,4.504964100719425,4.4969564657604515,-4.917,7.862,7.880994,-18.5,-22.399988
715364071,715364071,193,5,5,4.500602213922268,4.49891262132353,-4.532,7.862,7.880994,-18.5,-22.399988
715364078,715364079,194,5,5,4.4985498494639184,4.496955977146206,-4.692,7.862,7.880994,-18.5,-22.399988
715364086,715364087,195,5,5,4.496682142157396,4.503173126907659,-4.66,7.862,7.880994,-18.5,-22.399988
715364094,715364094,196,5,5,4.495341417331361,4.5039891112574075,-4.307,7.862,7.880994,-18.5,-22.399988
715364101,715364102,197,5,5,4.497083122109827,4.498353602288564,-4.532,7.862,7.880994,-18.5,-22.399988
715364109,715364110,198,5,5,4.502898415927917,4.506286752215657,-4.5,7.862,7.880994,-18.5,-22.399988
715364117,715364117,199,5,5,4.495820406058654,4.496099785321835,-4.756,7.862,7.880994,-18.5,-22.399988
715364134,715364135,200,5,5,4.4896560055146395,4.4939192435301925,-4.788,7.862,7.880994,-18.5,-22.399988
715364142,715364142,201,5,5,4.497300019632794,4.50483165253607,-4.788,7.862,7.880994,-18.5,-22.399988
715364150,715364150,202,5,5,4.504593552713093,4.497798631683826,-4.788,7.862,7.880994,-18.5,-22.399988
715364158,715364159,203,5,5,4.5024428829741066,4.498670354720338,-4.788,7.862,7.880994,-18.5,-22.399988
715364166,715364167,204,5,5,4.504317693903548,4.4917565184122425,-4.724,7.862,7.880994,-18.5,-22.399988
715364179,715364179,205,5,5,4.492540133670521,4.495090800507311,-4.532,7.862,7.880994,-18.5,-22.399988
715364186,715364187,206,5,5,4.501165426401447,4.498610522547004,-4.532,7.862,7.880994,-18.5,-22.399988
715364194,715364195,207,5,5,4.50390917764238,4.5050821056493024,-4.5,7.862,7.880994,-18.5,-22.399988
715364212,715364212,208,5,5,4.498559436614626,4.489410059215672,-4.468,7.862,7.880994,-18.5,-22.399988
715364219,715364220,209,5,5,4.506518996966042,4.4963453089835825,-4.179,7.862,7.880994,-18.5,-22.399988
715364227,715364227,210,5,5,4.500915714025834,4.494522396915857,-4.243,7.862,7.880994,-18.5,-22.399988
715364234,715364235,211,5,5,4.502206858892575,4.49524795051822,-4.115,7.862,7.880994,-18.5,-22.399988
715364242,715364243,212,5,5,4.494787124872653,4.489624754546798,-4.083,7.862,7.880994,-18.5,-22.399988
715364250,715364250,213,5,5,4.505027374190514,4.498052110752056,-3.73,7.862,7.880994,-18.5,-22.399988
715364257,715364258,214,5,5,4.498545421039161,4.490117159676232,-4.179,7.862,7.880994,-18.5,-22.399988
715364265,715364266,215,5,5,4.494756820663125,4.495913680952206,-3.473,7.862,7.880994,-18.5,-22.399988
715364273,715364273,216,5,5,4.497002029918438,4.499170095910972,-3.698,7.862,7.880994,-18.5,-22.399988
715364280,715364281,217,5,5,4.498290813174002,4.163775611723581,-3.634,7.862,7.880994,-18.5,-22.399988
715364293,715364293,218,5,5,4.492155200378899,4.495389242323835,-3.538,7.862,7.880994,-18.5,-22.399988
715364300,715364301,219,5,5,4.492489284100021,4.500159801673609,-3.538,7.862,7.880994,-18.5,-22.399988
715364308,715364309,220,5,5,4.499155657067196,4.493614518202066,-3.313,7.862,7.880994,-18.5,-22.399988
715364316,715364316,221,5,5,4.501782406210506,4.496562459971422,-3.345,7.862,7.880994,-18.5,-22.399988
715364324,715364324,222,5,5,4.493663622559653,4.50267727947728,-3.281,7.862,7.880994,-18.5,-22.399988
715364331,715364332,223,5,5,4.49915117614679,4.497386370386871,-2.864,7.862,7.880994,-18.5,-22.399988
715364339,715364339,224,5,5,4.503465592062461,4.504567317432816,-2.992,7.862,7.880994,-18.5,-22.399988
715364346,715364347,225,5,5,4.501848499633162,4.50058896118218,-2.864,7.862,7.880994,-18.5,-22.399988
715364354,715364354,226,5,5,4.5036728977709455,4.497766376131412,-2.64,7.862,7.880994,-18.5,-22.399988
715364362,715364362,227,5,5,4.504128802816901,4.505516718024875,-2.479,7.862,7.880994,-18.5,-22.399988
715364505,715364506,228,5,5,4.489465583193522,4.497121854058079,-2.415,7.862,7.880994,-18.5,-22.399988
715364513,715364513,229,5,5,4.498113597340446,4.507645252061989,-2.479,7.862,7.880994,-18.5,-22.399988
715364520,715364521,230,5,5,4.498309567472179,4.501709928145036,-2.383,7.862,7.880994,-18.5,-22.399988
715364528,715364528,231,5,5,4.501607025470977,4.500878361077427,-2.543,7.862,7.880994,-18.5,-22.399988
715364536,715364536,232,5,5,4.49562202299845,4.501798216159115,-2.447,7.862,7.880994,-18.5,-22.399988
715364543,715364544,233,5,5,4.5077324701441075,4.5055632651860575,-2.255,7.862,7.880994,-18.5,-22.399988
715364551,715364551,234,5,5,4.513140038662145,4.499059530385728,-2.255,7.862,7.880994,-18.5,-22.399988
715364558,715364559,235,5,5,4.49787535081919,4.5018190170365795,-2.479,7.862,7.880994,-18.5,-22.399988
715364566,715364566,236,5,5,4.499081835682613,4.500669191632043,-2.255,7.862,7.880994,-18.5,-22.399988
715364574,715364574,237,5,5,4.512009983880789,4.504637773748031,-2.094,7.862,7.880994,-18.5,-22.399988
715364581,715364582,238,5,5,4.499241373612557,4.5016930956239865,-2.191,7.862,7.880994,-18.5,-22.399988
715364589,715364589,239,5,5,4.500114273249473,4.499209803491053,-1.774,7.862,7.880994,-18.5,-22.399988
715364627,715364627,240,5,5,4.50196472310213,4.499070895336026,-1.966,7.862,7.880994,-18.5,-22.399988
715364634,715364635,241,5,5,4.500717200984172,4.4993866025828115,-1.645,7.862,7.880994,-18.5,-22.399988
715364642,715364642,242,5,5,4.502037306667639,4.501818400425282,-1.742,7.862,7.880994,-18.5,-22.399988
715364650,715364650,243,5,5,4.508429331175443,4.505374260532152,-1.87,7.862,7.880994,-18.5,-22.399988
715364657,715364658,244,5,5,4.5042769804885205,4.502068944948985,-1.549,7.862,7.880994,-18.5,-22.399988
715364670,715364671,245,5,5,4.503602727272727,4.497356477790221,-1.389,7.862,7.880994,-18.5,-22.399988
715364678,715364678,246,5,5,4.499216367476241,4.506728169014084,-1.293,7.862,7.880994,-18.5,-22.399988
715364690,715364691,247,5,5,4.5050351136924425,4.502858469798658,-1.421,7.862,7.880994,-18.5,-22.399988
715364698,715364699,248,5,5,4.502478129916749,4.505193269961977,-1.645,7.862,7.880994,-18.5,-22.399988
715364711,715364711,249,5,5,4.499200272738196,4.138627768675057,-1.581,7.862,7.880994,-18.5,-22.399988
715364718,715364719,250,5,5,4.503101040722151,4.511658266661151,-1.517,7.862,7.880994,-18.5,-22.399988
715364726,715364727,251,5,5,4.501274099761276,4.503814936611929,-1.228,7.862,7.880994,-18.5,-22.399988
715364734,715364734,252,5,5,4.505437821900808,4.503379460114207,-1.357,7.862,7.880994,-18.5,-22.399988
715364741,715364742,253,5,5,4.503819660617693,4.50363501091849,-1.517,7.862,7.880994,-18.5,-22.399988
715364750,715364750,254,5,5,4.5004926131483325,4.494875319690265,-1.2930000000000001,7.862,7.880994,-18.5,-22.399988
715364758,715364758,255,5,5,4.5027192385321095,4.4999637955907374,-1.004,7.862,7.880994,-18.5,-22.399988
715364765,715364766,256,5,5,4.494304754315094,4.503748084828102,-1.1320000000000001,7.862,7.880994,-18.5,-22.399988
715364773,715364773,257,5,5,4.501869045802928,4.5008095804426835,-1.1640000000000001,7.862,7.880994,-18.5,-22.399988
715364781,715364781,258,5,5,4.502167224747755,4.497618466577341,-1.004,7.862,7.880994,-18.5,-22.399988
715364788,715364789,259,5,5,4.499449098798398,4.503951881744605,-1.004,7.862,7.880994,-18.5,-22.399988
715364796,715364796,260,5,5,4.508246010812828,4.497331306128584,-0.9079999999999999,7.862,7.880994,-18.5,-22.399988
715364804,715364804,261,5,5,4.494973090956965,4.496762003163091,-0.972,7.862,7.880994,-18.5,-22.399988
715364811,715364812,262,5,5,4.495268313075791,4.493327456826454,-1.196,7.862,7.880994,-18.5,-22.399988
715364819,715364819,263,5,5,4.5033096238903605,4.13446515256814,-0.972,7.862,7.880994,-18.5,-22.399988
715364827,715364827,264,5,5,4.506910958837379,4.5028712581158885,-0.9079999999999999,7.862,7.880994,-18.5,-22.399988
715364834,715364835,265,5,5,4.4925537470843055,4.4951806024808025,-1.036,7.862,7.880994,-18.5,-22.399988
715364842,715364842,266,5,5,4.5061891652269175,4.502263481126423,-0.8109999999999999,7.862,7.880994,-18.5,-22.399988
715364850,715364850,267,5,5,4.502082176918061,4.509643269155207,-0.8109999999999999,7.862,7.880994,-18.5,-22.399988
715364862,715364863,268,5,5,4.508678754497401,4.502375922867514,-0.6829999999999999,7.862,7.880994,-18.5,-22.399988
715364870,715364870,269,5,5,4.5067895127860025,4.515321838887121,-0.6509999999999999,7.862,7.880994,-18.5,-22.399988
715364878,715364878,270,5,5,4.514886009942922,4.503203233704441,-0.779,7.862,7.880994,-18.5,-22.399988
715364890,715364890,271,5,5,4.5032785243250535,4.50266859517451,-0.715,7.862,7.880994,-18.5,-22.399988
715364898,715364898,272,5,5,4.502931844186362,4.507140419164377,-0.779,7.862,7.880994,-18.5,-22.399988
715364905,715364906,273,5,5,4.508448431086985,4.501742221420519,-0.8109999999999999,7.862,7.880994,-18.5,-22.399988
715364913,715364913,274,5,5,4.499323514745078,4.502318554559371,-0.491,7.862,7.880994,-18.5,-22.399988
715364921,715364921,275,5,5,4.494461319049213,4.497524172077921,-0.747,7.862,7.880994,-18.5,-22.399988
715364928,715364929,276,5,5,4.501302694119069,4.502192789189642,-0.45899999999999996,7.862,7.880994,-18.5,-22.399988
715364936,715364936,277,5,5,4.507657227628768,4.5017829428989735,-0.395,7.862,7.880994,-18.5,-22.399988
715364944,715364944,278,5,5,4.506231830799736,4.500999875231966,-0.45899999999999996,7.862,7.880994,-18.5,-22.399988
715364951,715364952,279,5,5,4.497966594645909,4.502958253796097,-0.23399999999999999,7.862,7.880994,-18.5,-22.399988
715364959,715364959,280,5,5,4.503460146916611,4.5029706889352825,-0.298,7.862,7.880994,-18.5,-22.399988
715364966,715364967,281,5,5,4.501313035575464,4.50447101520941,-0.45899999999999996,7.862,7.880994,-18.5,-22.399988
715364974,715364975,282,5,5,4.5040478364839664,4.4995682092006435,-0.17,7.862,7.880994,-18.5,-22.399988
715364982,715364982,283,5,5,4.506715490487408,4.499010036159693,-0.23399999999999999,7.862,7.880994,-18.5,-22.399988
715364990,715364990,284,5,5,4.495475536471356,4.501471371542523,-0.395,7.862,7.880994,-18.5,-22.399988
715365002,715365003,285,5,5,4.498913510511702,4.504571866892689,0.087,7.862,7.880994,-18.5,-22.399988
715365010,715365010,286,5,5,4.494970416788108,4.503414855817997,-0.42700000000000005,7.862,7.880994,-18.5,-22.399988
715365017,715365018,287,5,5,4.505672533616928,4.5007170312500016,-0.36200000000000004,7.862,7.880994,-18.5,-22.399988
715365025,715365026,288,5,5,4.502866695491045,4.502957548782754,-0.106,7.862,7.880994,-18.5,-22.399988
715365033,715365033,289,5,5,4.500493722795785,4.181861750253807,0.054000000000000006,7.862,7.880994,-18.5,-22.399988
715365055,715365056,290,5,5,4.4999520355068015,4.501538618360341,-0.07400000000000001,7.862,7.880994,-18.5,-22.399988
715365063,715365064,291,5,5,4.4980532574430825,4.504747985970095,-0.266,7.862,7.880994,-18.5,-22.399988
715365071,715365071,292,5,5,4.500697238859435,4.4960585041407874,-0.138,7.862,7.880994,-18.5,-22.399988
715365078,715365079,293,5,5,4.500573825595712,4.500367505258108,-0.20199999999999999,7.862,7.880994,-18.5,-22.399988
715365086,715365087,294,5,5,4.502674517946653,4.497002577006191,-0.17,7.862,7.880994,-18.5,-22.399988
715365094,715365094,295,5,5,4.496010043931308,4.4961328211586915,0.183,7.862,7.880994,-18.5,-22.399988
715365101,715365102,296,5,5,4.4982095270785685,4.498547662204292,-0.042,7.862,7.880994,-18.5,-22.399988
715365109,715365109,297,5,5,4.4931017548927565,4.501654024896267,0.054000000000000006,7.862,7.880994,-18.5,-22.399988
715365122,715365122,298,5,5,4.493784097670706,4.502714565026363,-0.07400000000000001,7.862,7.880994,-18.5,-22.399988
715365129,715365130,299,5,5,4.499879163223889,4.489742638588252,0.11900000000000001,7.862,7.880994,-18.5,-22.399988
715365137,715365137,300,5,5,4.50216537798218,4.1913158991378126,0.183,7.862,7.880994,-18.5,-22.399988
715365145,715365145,301,5,5,4.499395456027829,4.500886705731551,0.27899999999999997,7.862,7.880994,-18.5,-22.399988
715365152,715365153,302,5,5,4.505031978361108,4.5015805559225015,0.183,7.862,7.880994,-18.5,-22.399988
715365160,715365160,303,5,5,4.502918715904936,4.505196809725548,0.215,7.862,7.880994,-18.5,-22.399988
715365173,715365173,304,5,5,4.4976569908847175,4.4962256343449285,0.40700000000000003,7.862,7.880994,-18.5,-22.399988
715365399,715365400,307,40,40,35.91656336322115,35.915898114701704,0.11900000000000001,7.862,7.880994,-18.5,-22.399988
715365444,715365445,308,40,40,35.918088656076286,35.89752113549539,0.27899999999999997,7.862,7.880994,-18.5,-22.399988
715365488,715365489,309,40,40,35.91739921478004,35.60543205910301,0.34299999999999997,7.862,7.880994,-18.5,-22.399988
715365543,715365543,310,40,40,35.914379695249046,35.911668231552845,0.504,7.862,7.880994,-18.5,-22.399988
715365587,715365588,311,40,40,35.89079369372421,35.60431938197549,0.247,7.862,7.880994,-18.5,-22.399988
715365646,715365647,312,40,40,35.93428828190593,35.9193279715637,0.27899999999999997,7.862,7.880994,-18.5,-22.399988
715365691,715365691,313,40,40,35.893692303997504,35.606386362351905,0.087,7.862,7.880994,-18.5,-22.399988
715365735,715365736,314,40,40,35.904798326309844,35.92190963341753,0.34299999999999997,7.862,7.880994,-18.5,-22.399988
715365779,715365780,315,40,40,35.91037088796973,35.57755818225867,0.34299999999999997,7.862,7.880994,-18.5,-22.399988
715365824,715365825,316,40,40,35.910801001196646,35.91373705294519,0.47100000000000003,7.862,7.880994,-18.5,-22.399988
715365868,715365869,317,40,40,35.92770109710523,35.91446222178093,0.375,7.862,7.880994,-18.5,-22.399988
715365913,715365914,318,40,40,35.91080457552437,35.59270958566694,0.27899999999999997,7.862,7.880994,-18.5,-22.399988
715366099,715366099,319,40,40,35.92605036187454,35.60714486834814,0.375,7.862,7.880994,-18.5,-22.399988
715366148,715366149,320,40,40,35.92946630548828,35.90944424186046,0.40700000000000003,7.862,7.880994,-18.5,-22.399988
715366193,715366193,321,40,40,35.91845348811235,35.59771686779594,0.183,7.862,7.880994,-18.5,-22.399988
715366237,715366237,322,40,40,35.91436906594549,35.925355363033574,0.439,7.862,7.880994,-18.5,-22.399988
715366281,715366282,323,40,40,35.90764319587712,35.914651713738905,0.247,7.862,7.880994,-18.5,-22.399988
715366326,715366327,324,40,40,35.91802173928697,35.56810471433147,0.34299999999999997,7.862,7.880994,-18.5,-22.399988
715366370,715366371,325,40,40,35.93168638141505,35.9161731809962,0.632,7.862,7.880994,-18.5,-22.399988
715366415,715366415,326,40,40,35.908002798029564,35.57598235450721,0.664,7.862,7.880994,-18.5,-22.399988
715366459,715366460,327,40,40,35.883141901774714,35.91060509813486,0.34299999999999997,7.862,7.880994,-18.5,-22.399988
715366508,715366509,328,40,40,35.91488023684853,35.92471801348125,0.504,7.862,7.880994,-18.5,-22.399988
715366553,715366554,329,40,40,35.919984232853835,35.9195430659014,0.664,7.862,7.880994,-18.5,-22.399988
715366597,715366598,330,40,40,35.94592702355255,35.886319684961244,0.792,7.862,7.880994,-18.5,-22.399988
715366642,715366643,331,40,40,35.90213854994694,35.56197024220744,0.504,7.862,7.880994,-18.5,-22.399988
715366907,715366908,335,40,40,35.587065159172994,35.5636279678834,0.664,7.862,7.880994,-18.5,-22.399988
715366951,715366952,336,40,40,35.57000809865367,35.33856558496799,0.47100000000000003,7.862,7.880994,-18.5,-22.399988
715367001,715367002,337,40,40,35.57897097690336,35.55324527090145,0.504,7.862,7.880994,-18.5,-22.399988
715367055,715367056,338,40,40,35.5591026044152,35.33802748413558,0.953,7.862,7.880994,-18.5,-22.399988
715367100,715367101,339,40,40,35.571106726582386,35.55743822574829,0.6,7.862,7.880994,-18.5,-22.399988
715367144,715367145,340,40,40,35.57589657190729,35.373284146884615,0.504,7.862,7.880994,-18.5,-22.399988
715367194,715367194,341,40,40,35.5604803511066,35.58354798443679,0.792,7.862,7.880994,-18.5,-22.399988
715367238,715367239,342,40,40,35.578848830043945,35.550892230876215,0.47100000000000003,7.862,7.880994,-18.5,-22.399988
715367282,715367283,343,40,40,35.59209039503089,35.35753512654824,0.696,7.862,7.880994,-18.5,-22.399988
715367327,715367328,344,40,40,35.57437989935849,35.55855819363439,0.696,7.862,7.880994,-18.5,-22.399988
715367371,715367372,345,40,40,35.59434827968705,35.33940466458922,0.856,7.862,7.880994,-18.5,-22.399988
715367421,715367421,346,40,40,35.56890960258785,35.55203158507383,0.792,7.862,7.880994,-18.5,-22.399988
715367631,715367632,347,40,40,35.57418737041365,35.559502399907025,0.696,7.862,7.880994,-18.5,-22.399988
715367675,715367676,348,40,40,35.57758953294422,35.35076822891847,0.696,7.862,7.880994,-18.5,-22.399988
715367720,715367721,349,40,40,35.57902396046952,35.56921098016704,0.92,7.862,7.880994,-18.5,-22.399988
715367764,715367765,350,40,40,35.574175219472366,35.56122524262075,0.696,7.862,7.880994,-18.5,-22.399988
715367808,715367809,351,40,40,35.55847113826018,35.374764487294996,0.953,7.862,7.880994,-18.5,-22.399988
715367853,715367854,352,40,40,35.58392980166258,35.566178910838076,0.696,7.862,7.880994,-18.5,-22.399988
715367897,715367898,353,40,40,35.57731734160434,35.33665777373006,0.8240000000000001,7.862,7.880994,-18.5,-22.399988
715367942,715367943,354,40,40,35.55266446551206,35.55733297065849,1.0170000000000001,7.862,7.880994,-18.5,-22.399988
715367996,715367997,355,40,40,35.56698652174642,35.331594597807936,0.76,7.862,7.880994,-18.5,-22.399988
715368040,715368041,356,40,40,35.573261762608155,35.555426091559994,0.76,7.862,7.880994,-18.5,-22.399988
715368085,715368086,357,40,40,35.57166272021232,35.355718367121256,0.76,7.862,7.880994,-18.5,-22.399988
715368129,715368130,358,40,40,35.57091299568864,35.57116520050307,0.728,7.862,7.880994,-18.5,-22.399988
715368179,715368180,359,40,40,35.595391363645255,35.56725057325658,0.8240000000000001,7.862,7.880994,-18.5,-22.399988
715368414,715368415,363,40,40,36.07861846522585,35.43225345416729,0.632,7.862,7.880994,-18.5,-22.399988
715368458,715368459,364,40,40,36.08088607732669,36.071320542483924,0.664,7.862,7.880994,-18.5,-22.399988
715368503,715368503,365,40,40,36.079321149980224,35.41034096874441,0.985,7.862,7.880994,-18.5,-22.399988
715368557,715368558,366,40,40,36.07532350436244,36.07214724972759,0.92,7.862,7.880994,-18.5,-22.399988
715368601,715368602,367,40,40,36.063187386960884,35.3907877643365,0.664,7.862,7.880994,-18.5,-22.399988
715368645,715368646,368,40,40,36.064558294125135,36.061551393264644,1.081,7.862,7.880994,-18.5,-22.399988
715368690,715368690,369,40,40,36.07597578738265,36.069518628840854,1.0170000000000001,7.862,7.880994,-18.5,-22.399988
715368734,715368734,370,40,40,36.08343771517113,35.37846931283878,1.113,7.862,7.880994,-18.5,-22.399988
715368778,715368779,371,40,40,36.08729337076103,36.068009835726826,0.856,7.862,7.880994,-18.5,-22.399988
715368822,715368823,372,40,40,36.07805677625912,35.38820866907038,0.888,7.862,7.880994,-18.5,-22.399988
715368866,715368867,373,40,40,36.08309522458015,36.07890986922226,1.0490000000000002,7.862,7.880994,-18.5,-22.399988
715368910,715368911,374,40,40,36.07941219506283,35.396133498235436,0.92,7.862,7.880994,-18.5,-22.399988
715369096,715369097,375,40,40,36.07034090356032,36.07357814750552,0.953,7.862,7.880994,-18.5,-22.399988
715369146,715369147,376,40,40,36.0785673635957,35.43911285485447,1.177,7.862,7.880994,-18.5,-22.399988
715369210,715369211,377,40,40,36.082690424562244,35.466335256190625,0.792,7.862,7.880994,-18.5,-22.399988
715369260,715369260,378,40,40,36.06902399916143,36.0535103709455,1.0490000000000002,7.862,7.880994,-18.5,-22.399988
715369314,715369315,379,40,40,36.088022835419174,35.410989687317006,1.081,7.862,7.880994,-18.5,-22.399988
715369358,715369359,380,40,40,36.07633361738389,36.08712641782039,1.113,7.862,7.880994,-18.5,-22.399988
715369402,715369403,381,40,40,36.08933412138765,36.08290932229547,0.953,7.862,7.880994,-18.5,-22.399988
715369447,715369447,382,40,40,36.05780842974946,35.44587206118227,0.8240000000000001,7.862,7.880994,-18.5,-22.399988
715369491,715369492,383,40,40,36.07168462607196,36.049093131753615,0.953,7.862,7.880994,-18.5,-22.399988
715369535,715369536,384,40,40,36.084127129964344,35.41862678950316,1.145,7.862,7.880994,-18.5,-22.399988
715369579,715369580,385,40,40,36.08090346099291,36.0691433623262,0.792,7.862,7.880994,-18.5,-22.399988
715369629,715369629,386,40,40,36.062776195118076,35.44364521701795,1.081,7.862,7.880994,-18.5,-22.399988
715369673,715369673,387,40,40,36.048613073198524,36.09370247751139,0.985,7.862,7.880994,-18.5,-22.399988
715369911,715369911,390,5,5,4.375208213047717,4.232758896826895,0.953,7.862,7.880994,-18.5,-22.399988
715369918,715369919,391,5,5,4.374877975266502,4.375489374026522,1.402,7.862,7.880994,-18.5,-22.399988
715369926,715369927,392,5,5,4.370242054931467,4.370872757238684,1.2409999999999999,7.862,7.880994,-18.5,-22.399988
715369934,715369935,393,5,5,4.365034788013319,4.374867501211927,1.145,7.862,7.880994,-18.5,-22.399988
715369942,715369943,394,5,5,4.345311170224127,4.362192000767052,1.209,7.862,7.880994,-18.5,-22.399988
715369950,715369951,395,5,5,4.3433241379979854,4.349687462832013,1.0490000000000002,7.862,7.880994,-18.5,-22.399988
715369958,715369959,396,5,5,4.319786688323679,4.3101274521488095,1.466,7.862,7.880994,-18.5,-22.399988
715369966,715369967,397,5,5,4.2897026035021035,4.2829452823687255,1.305,7.862,7.880994,-18.5,-22.399988
715369974,715369975,398,5,5,4.278591607121883,4.269986847648865,1.4340000000000002,7.862,7.880994,-18.5,-22.399988
715369982,715369983,399,5,5,4.266861847415788,4.26873569255021,1.4340000000000002,7.862,7.880994,-18.5,-22.399988
715369990,715369991,400,5,5,4.267620559655949,4.276376476079815,1.273,7.862,7.880994,-18.5,-22.399988
715369998,715369999,401,5,5,4.260886981789715,4.286972003634237,1.113,7.862,7.880994,-18.5,-22.399988
715370006,715370007,402,5,5,4.255285498289787,4.285146180248547,1.466,7.862,7.880994,-18.5,-22.399988
715370014,715370015,403,5,5,4.2547675584294975,4.310518934929949,1.2409999999999999,7.862,7.880994,-18.5,-22.399988
715370022,715370023,404,5,5,4.2613001053334125,4.316365504768041,1.722,7.862,7.880994,-18.5,-22.399988
715370030,715370030,405,5,5,4.261431351601038,4.307732180524957,1.4340000000000002,7.862,7.880994,-18.5,-22.399988
715370038,715370038,406,5,5,4.2756085845228045,4.306598599394219,1.626,7.862,7.880994,-18.5,-22.399988
715370051,715370052,407,5,5,4.291876252568183,4.294649840691753,1.466,7.862,7.880994,-18.5,-22.399988
715370059,715370060,408,5,5,4.282101719572927,4.287216335671603,1.402,7.862,7.880994,-18.5,-22.399988
715370067,715370068,409,5,5,4.276056754885953,4.276422127741721,1.626,7.862,7.880994,-18.5,-22.399988
715370075,715370076,410,5,5,4.269059391061873,4.2744007781586895,1.466,7.862,7.880994,-18.5,-22.399988
715370083,715370084,411,5,5,4.262481919122685,4.27226902159742,1.69,7.862,7.880994,-18.5,-22.399988
715370091,715370092,412,5,5,4.269231679526201,4.268598118841445,1.786,7.862,7.880994,-18.5,-22.399988
715370099,715370100,413,5,5,4.2755730070366695,4.272129641337147,1.69,7.862,7.880994,-18.5,-22.399988
715370107,715370108,414,5,5,4.280788435915636,4.268871258836088,1.53,7.862,7.880994,-18.5,-22.399988
715370115,715370116,415,5,5,4.272070395750228,4.274809166601102,1.69,7.862,7.880994,-18.5,-22.399988
715370123,715370123,416,5,5,4.26713708698584,4.273485690159627,1.626,7.862,7.880994,-18.5,-22.399988
715370131,715370131,417,5,5,4.269593636952904,4.270653655457592,1.754,7.862,7.880994,-18.5,-22.399988
715370139,715370140,418,5,5,4.26826046003506,4.2664933992204634,1.722,7.862,7.880994,-18.5,-22.399988
715370152,715370153,419,5,5,4.2720687319072255,4.27562645343026,1.69,7.862,7.880994,-18.5,-22.399988
715370160,715370161,420,5,5,4.295978030349291,4.3042685642187,1.69,7.862,7.880994,-18.5,-22.399988
715370168,715370168,421,5,5,4.331875706184206,4.3332155722348835,1.722,7.862,7.880994,-18.5,-22.399988
715370176,715370176,422,5,5,4.366447571449143,4.357923698227954,1.786,7.862,7.880994,-18.5,-22.399988
715370184,715370184,423,5,5,4.3792676992756085,4.383699730510521,1.754,7.862,7.880994,-18.5,-22.399988
715370192,715370192,424,5,5,4.390821774327929,4.403462973678336,1.69,7.862,7.880994,-18.5,-22.399988
715370205,715370205,425,5,5,4.403119988598516,4.438967019407468,1.69,7.862,7.880994,-18.5,-22.399988
715370213,715370213,426,5,5,4.4200500877348325,4.45754159610244,1.851,7.862,7.880994,-18.5,-22.399988
715370220,715370221,427,5,5,4.419611750334616,4.454151861558931,1.722,7.862,7.880994,-18.5,-22.399988
715370228,715370229,428,5,5,4.429799162171187,4.4655658855679885,1.883,7.862,7.880994,-18.5,-22.399988
715370236,715370237,429,5,5,4.429949924988106,4.462772478769428,1.754,7.862,7.880994,-18.5,-22.399988
715370250,715370250,430,5,5,4.435047593582888,4.4457142387167625,1.851,7.862,7.880994,-18.5,-22.399988
715370257,715370258,431,5,5,4.4306307176119875,4.4404609214574124,1.594,7.862,7.880994,-18.5,-22.399988
715370265,715370266,432,5,5,4.432562302414382,4.4449166283454415,1.786,7.862,7.880994,-18.5,-22.399988
715370273,715370274,433,5,5,4.437740419567494,4.4383862441937625,1.722,7.862,7.880994,-18.5,-22.399988
715370281,715370282,434,5,5,4.434898300354093,4.431896352256314,1.979,7.862,7.880994,-18.5,-22.399988
715370289,715370289,435,5,5,4.428260646094302,4.438817839312392,2.043,7.862,7.880994,-18.5,-22.399988
715370297,715370297,436,5,5,4.43210574863388,4.439330202749439,1.915,7.862,7.880994,-18.5,-22.399988
715370305,715370305,437,5,5,4.441222447109047,4.439158992799533,1.69,7.862,7.880994,-18.5,-22.399988
715370313,715370313,438,5,5,4.439644117561109,4.44219764121839,1.6580000000000001,7.862,7.880994,-18.5,-22.399988
715370320,715370321,439,5,5,4.432207496417735,4.433758328415206,1.53,7.862,7.880994,-18.5,-22.399988
715370328,715370329,440,5,5,4.4339345237694925,4.440231589165082,1.883,7.862,7.880994,-18.5,-22.399988
715370338,715370339,441,5,5,4.440484904308756,4.461127480861571,1.883,7.862,7.880994,-18.5,-22.399988
715370346,715370347,442,5,5,4.440971907670123,4.460505811823731,1.883,7.862,7.880994,-18.5,-22.399988
715370354,715370355,443,5,5,4.442940221002577,4.472066988452187,1.786,7.862,7.880994,-18.5,-22.399988
715370362,715370363,444,5,5,4.446967521492058,4.4778092069097895,1.786,7.862,7.880994,-18.5,-22.399988
715370370,715370370,445,5,5,4.4480689668990285,4.4884765083487945,2.1069999999999998,7.862,7.880994,-18.5,-22.399988
715370378,715370378,446,5,5,4.449317960033305,4.4994009898124565,2.043,7.862,7.880994,-18.5,-22.399988
715370386,715370386,447,5,5,4.452378783191756,4.497923555853241,1.69,7.862,7.880994,-18.5,-22.399988
715370393,715370394,448,5,5,4.4537571570369465,4.513121066176471,1.69,7.862,7.880994,-18.5,-22.399988
715370406,715370407,449,5,5,4.455883841247342,3.2354977229601523,2.011,7.862,7.880994,-18.5,-22.399988
715370414,715370415,450,5,5,4.456937557804023,4.529294965181059,1.594,7.862,7.880994,-18.5,-22.399988
715370422,715370422,451,5,5,4.4498513705196645,4.509118931372549,1.915,7.862,7.880994,-18.5,-22.399988
715370440,715370441,452,5,5,4.432821620091606,4.500961317233808,2.043,7.862,7.880994,-18.5,-22.399988
715370448,715370448,453,5,5,4.432908618041278,4.502713674410659,2.011,7.862,7.880994,-18.5,-22.399988
715370455,715370456,454,5,5,4.412014617063255,4.474225905797102,1.979,7.862,7.880994,-18.5,-22.399988
715370463,715370464,455,5,5,4.384364715299685,4.40679990020912,2.043,7.862,7.880994,-18.5,-22.399988
715370471,715370472,456,5,5,4.3714722717753824,4.373775874683086,1.722,7.862,7.880994,-18.5,-22.399988
715370479,715370479,457,5,5,4.363163741307553,4.3672386650554085,2.075,7.862,7.880994,-18.5,-22.399988
715370487,715370487,458,5,5,4.330186201205346,4.340251005848659,2.043,7.862,7.880994,-18.5,-22.399988
715370495,715370495,459,5,5,4.2884467861609,4.297772790927672,1.818,7.862,7.880994,-18.5,-22.399988
715370513,715370513,460,5,5,4.2624464040221985,4.277333370285087,1.915,7.862,7.880994,-18.5,-22.399988
715370521,715370521,461,5,5,4.2702737192144316,4.275707885481878,1.979,7.862,7.880994,-18.5,-22.399988
715370529,715370529,462,5,5,4.263459497446689,4.269008055130471,1.851,7.862,7.880994,-18.5,-22.399988
715370542,715370543,463,5,5,4.264270675065942,4.270122313036775,1.851,7.862,7.880994,-18.5,-22.399988
715370550,715370551,464,5,5,4.269005626729092,4.268367361746056,1.979,7.862,7.880994,-18.5,-22.399988
715370558,715370559,465,5,5,4.271623864783937,4.269992422839657,1.883,7.862,7.880994,-18.5,-22.399988
715370708,715370709,466,5,5,4.27490982223266,4.1730957774911674,1.979,7.862,7.880994,-18.5,-22.399988
715370717,715370717,467,5,5,4.304095106322045,4.268911538112275,1.883,7.862,7.880994,-18.5,-22.399988
715370725,715370725,468,5,5,4.3547571190508165,4.2666094710053954,1.722,7.862,7.880994,-18.5,-22.399988
715370733,715370733,469,5,5,4.411946835909991,4.271593147872232,1.915,7.862,7.880994,-18.5,-22.399988
715370740,715370741,470,5,5,4.417256856794267,4.277857265468239,1.818,7.862,7.880994,-18.5,-22.399988
715370749,715370749,471,5,5,4.365896441983182,4.282165963646779,1.851,7.862,7.880994,-18.5,-22.399988
715370757,715370757,472,5,5,4.3007073564879015,4.268642188236625,2.043,7.862,7.880994,-18.5,-22.399988
715370764,715370765,473,5,5,4.2875164191883774,4.269289436044609,1.915,7.862,7.880994,-18.5,-22.399988
715370778,715370778,474,5,5,4.2748901653421685,4.279882275613844,1.754,7.862,7.880994,-18.5,-22.399988
715370786,715370786,475,5,5,4.272366833498121,4.2767832144801865,1.9469999999999998,7.862,7.880994,-18.5,-22.399988
715370794,715370794,476,5,5,4.276223043889743,4.27955517603666,1.915,7.862,7.880994,-18.5,-22.399988
715370802,715370802,477,5,5,4.290419491784878,4.29362043923504,2.043,7.862,7.880994,-18.5,-22.399988
715370810,715370810,478,5,5,4.287276914288116,4.300057825704419,1.979,7.862,7.880994,-18.5,-22.399988
715370818,715370818,479,5,5,4.290716657364778,4.322337799607072,1.818,7.862,7.880994,-18.5,-22.399988
715370826,715370826,480,5,5,4.2752655386753045,4.332329447650904,2.1390000000000002,7.862,7.880994,-18.5,-22.399988
715370834,715370834,481,5,5,4.2632929083079425,4.329386598391467,1.786,7.862,7.880994,-18.5,-22.399988
715370842,715370842,482,5,5,4.261393604651163,4.336879628012154,1.754,7.862,7.880994,-18.5,-22.399988
715370850,715370850,483,5,5,4.260642990773484,4.30651116233235,1.979,7.862,7.880994,-18.5,-22.399988
715370857,715370858,484,5,5,4.259176559441078,4.282680568654498,1.9469999999999998,7.862,7.880994,-18.5,-22.399988
715370871,715370871,485,5,5,4.265373056880174,4.269879269464915,1.786,7.862,7.880994,-18.5,-22.399988
715370879,715370879,486,5,5,4.272854524951827,4.27404519060078,1.883,7.862,7.880994,-18.5,-22.399988
715370887,715370887,487,5,5,4.294791249778667,4.275529249501037,1.851,7.862,7.880994,-18.5,-22.399988
715370895,715370895,488,5,5,4.330043523746839,4.323318818931337,2.011,7.862,7.880994,-18.5,-22.399988
715370903,715370903,489,5,5,4.344428264806135,4.357391945418703,1.979,7.862,7.880994,-18.5,-22.399988
715370916,715370916,490,5,5,4.365228737436725,4.370328753696377,2.043,7.862,7.880994,-18.5,-22.399988
715370924,715370924,491,5,5,4.369790839533795,4.371055021816087,1.979,7.862,7.880994,-18.5,-22.399988
715370939,715370939,492,5,5,4.365321684883243,4.367722238103538,1.915,7.862,7.880994,-18.5,-22.399988
715370947,715370947,493,5,5,4.365069464856023,4.364646073634394,1.786,7.862,7.880994,-18.5,-22.399988
715370955,715370955,494,5,5,4.376283711705098,4.372379783965694,1.786,7.862,7.880994,-18.5,-22.399988
715370963,715370963,495,5,5,4.3751836987759445,4.374577146389645,2.075,7.862,7.880994,-18.5,-22.399988
715370970,715370971,496,5,5,4.373847054373019,4.371713896998684,2.011,7.862,7.880994,-18.5,-22.399988
715370979,715370979,497,5,5,4.370258431080833,4.367480279085637,1.915,7.862,7.880994,-18.5,-22.399988
715370987,715370987,498,5,5,4.365528983291592,4.366951803791284,1.915,7.862,7.880994,-18.5,-22.399988
715370994,715370995,499,5,5,4.351603594613948,4.353604668178825,2.1069999999999998,7.862,7.880994,-18.5,-22.399988
715371002,715371003,500,5,5,4.335926255122157,4.3368169112233135,2.1069999999999998,7.862,7.880994,-18.5,-22.399988
715371010,715371011,501,5,5,4.312887594319936,4.316953475875786,2.011,7.862,7.880994,-18.5,-22.399988
715371023,715371024,502,5,5,4.291204910179043,4.295510110437241,1.883,7.862,7.880994,-18.5,-22.399988
715371031,715371032,503,5,5,4.277970557977926,4.2797136990918245,2.267,7.862,7.880994,-18.5,-22.399988
715371040,715371040,504,5,5,4.259342944056482,4.272430567439274,1.883,7.862,7.880994,-18.5,-22.399988
715371048,715371048,505,5,5,4.277622153407768,4.270452668140668,2.011,7.862,7.880994,-18.5,-22.399988
715371061,715371061,506,5,5,4.259869408720651,4.273030587098047,2.011,7.862,7.880994,-18.5,-22.399988
715371074,715371074,507,5,5,4.268102434528654,4.281007539765862,1.979,7.862,7.880994,-18.5,-22.399988
715371082,715371082,508,5,5,4.2709129781960895,4.264534632063593,1.979,7.862,7.880994,-18.5,-22.399988
715371095,715371095,509,5,5,4.265414233197428,4.274369044052255,1.722,7.862,7.880994,-18.5,-22.399988
715371103,715371103,510,5,5,4.266130653638228,4.177241784342631,1.979,7.862,7.880994,-18.5,-22.399988
715371111,715371111,511,5,5,4.265838909279778,4.274207880644969,1.883,7.862,7.880994,-18.5,-22.399988
715371119,715371119,512,5,5,4.2701471166903975,4.266862155244091,1.883,7.862,7.880994,-18.5,-22.399988
715371127,715371127,513,5,5,4.267668525816403,4.272874847907431,2.011,7.862,7.880994,-18.5,-22.399988
715371135,715371135,514,5,5,4.267102507882025,4.271731029746918,2.011,7.862,7.880994,-18.5,-22.399988
715371142,715371143,515,5,5,4.27176085206492,4.26940222068426,1.979,7.862,7.880994,-18.5,-22.399988
715371160,715371161,516,5,5,4.272111931710583,4.276539268909196,1.979,7.862,7.880994,-18.5,-22.399988
715371169,715371169,517,5,5,4.2775623199884665,4.2926767358734015,1.883,7.862,7.880994,-18.5,-22.399988
715371177,715371177,518,5,5,4.30228090523623,4.311470045504843,1.883,7.862,7.880994,-18.5,-22.399988
715371185,715371185,519,5,5,4.319503197552504,4.3303962486768075,2.075,7.862,7.880994,-18.5,-22.399988
715371193,715371193,520,5,5,4.339497392151857,4.345104732471305,2.2030000000000003,7.862,7.880994,-18.5,-22.399988
715371201,715371201,521,5,5,4.340412522541415,4.230683722676258,1.883,7.862,7.880994,-18.5,-22.399988
715371214,715371214,522,5,5,4.363063910874073,4.388475343427508,1.979,7.862,7.880994,-18.5,-22.399988
715371232,715371232,523,5,5,4.384898981096092,4.4402740844962825,1.786,7.862,7.880994,-18.5,-22.399988
715371240,715371240,524,5,5,4.4157093166594805,4.480547094746297,2.171,7.862,7.880994,-18.5,-22.399988
715371247,715371248,525,5,5,4.429326942933316,4.511742384969325,1.851,7.862,7.880994,-18.5,-22.399988
715371255,715371256,526,5,5,4.4357835225017865,4.506112300194932,1.851,7.862,7.880994,-18.5,-22.399988
715371268,715371269,527,5,5,4.438532668315291,4.5483205776173286,1.883,7.862,7.880994,-18.5,-22.399988
715371276,715371276,528,5,5,4.439102960414847,4.504104421768707,1.883,7.862,7.880994,-18.5,-22.399988
715371284,715371284,529,5,5,4.445837395008247,4.500486376811592,2.171,7.862,7.880994,-18.5,-22.399988
715371292,715371292,530,5,5,4.458308597441599,4.56931,2.171,7.862,7.880994,-18.5,-22.399988
715371299,715371300,531,5,5,4.459169804289597,0.5629273806839534,2.075,7.862,7.880994,-18.5,-22.399988
715371307,715371307,532,5,5,4.4613649715008235,4.552150746268658,1.69,7.862,7.880994,-18.5,-22.399988
715371315,715371315,533,5,5,4.463849570802199,4.53360119047619,1.722,7.862,7.880994,-18.5,-22.399988
715371322,715371323,534,5,5,4.458730170630068,4.5209512367491165,1.722,7.862,7.880994,-18.5,-22.399988
715371330,715371330,535,5,5,4.461635032784829,4.53850993150685,1.722,7.862,7.880994,-18.5,-22.399988
715371338,715371338,536,5,5,4.460566288511613,4.539998094435076,2.171,7.862,7.880994,-18.5,-22.399988
715371345,715371346,537,5,5,4.46423297183779,4.5420463830755216,2.171,7.862,7.880994,-18.5,-22.399988
715371353,715371354,538,5,5,4.455697217182774,4.512998542810985,1.786,7.862,7.880994,-18.5,-22.399988
715371361,715371361,539,5,5,4.455141577464789,4.516562848370335,2.1390000000000002,7.862,7.880994,-18.5,-22.399988
715371369,715371369,540,5,5,4.455546852659841,4.498930524218063,1.883,7.862,7.880994,-18.5,-22.399988
715371377,715371377,541,5,5,4.4610208454779485,4.494063628952182,2.011,7.862,7.880994,-18.5,-22.399988
715371384,715371385,542,5,5,4.450280743034057,4.480506221794283,2.235,7.862,7.880994,-18.5,-22.399988
715371658,715371658,546,5,5,4.5161250226830845,4.441561231046003,2.235,7.862,7.880994,-18.5,-22.399988
715371666,715371666,547,5,5,4.503584232868406,4.423117848505997,2.043,7.862,7.880994,-18.5,-22.399988
715371674,715371674,548,5,5,4.4646442850479735,4.3965409304277285,2.043,7.862,7.880994,-18.5,-22.399988
715371681,715371682,549,5,5,4.421178727575024,4.372869363344473,2.043,7.862,7.880994,-18.5,-22.399988
715371689,715371690,550,5,5,4.404305756619891,4.382247099179716,1.851,7.862,7.880994,-18.5,-22.399988
715371697,715371698,551,5,5,4.397863455256996,4.242753756046328,1.851,7.862,7.880994,-18.5,-22.399988
715371705,715371705,552,5,5,4.3876558237157886,4.391560677537509,2.171,7.862,7.880994,-18.5,-22.399988
715371713,715371713,553,5,5,4.381416741156942,4.382234480604623,2.171,7.862,7.880994,-18.5,-22.399988
715371721,715371721,554,5,5,4.35858990725888,4.3439983272321765,1.851,7.862,7.880994,-18.5,-22.399988
715371729,715371729,555,5,5,4.297942810493327,4.2935109558686815,1.851,7.862,7.880994,-18.5,-22.399988
715371737,715371737,556,5,5,4.2814381117545155,4.287326574804384,2.011,7.862,7.880994,-18.5,-22.399988
715371744,715371745,557,5,5,4.277751976675699,4.282664507003944,2.171,7.862,7.880994,-18.5,-22.399988
715371752,715371753,558,5,5,4.277684234266052,4.2857569120671055,2.171,7.862,7.880994,-18.5,-22.399988
715371760,715371761,559,5,5,4.285274648071904,4.274577502641033,1.979,7.862,7.880994,-18.5,-22.399988
715371768,715371769,560,5,5,4.274418537061515,4.281988093558188,1.979,7.862,7.880994,-18.5,-22.399988
715371776,715371777,561,5,5,4.278289000443514,4.282117189366036,1.626,7.862,7.880994,-18.5,-22.399988
715371784,715371784,562,5,5,4.280621937266572,4.2840857832473525,1.626,7.862,7.880994,-18.5,-22.399988
715371792,715371793,563,5,5,4.275258161377146,4.200643037968392,2.1069999999999998,7.862,7.880994,-18.5,-22.399988
715371805,715371806,564,5,5,4.276452769833221,4.352340873634165,2.075,7.862,7.880994,-18.5,-22.399988
715371818,715371819,565,5,5,4.276123134805268,4.3328066746397855,2.075,7.862,7.880994,-18.5,-22.399988
715371826,715371827,566,5,5,4.281382008965601,4.301392682222408,2.043,7.862,7.880994,-18.5,-22.399988
715371834,715371835,567,5,5,4.272107692160812,4.296815731454621,2.075,7.862,7.880994,-18.5,-22.399988
715371842,715371843,568,5,5,4.276029931418482,4.296202501642008,1.851,7.862,7.880994,-18.5,-22.399988
715371850,715371851,569,5,5,4.292026746287532,4.300768547868993,1.851,7.862,7.880994,-18.5,-22.399988
715371858,715371859,570,5,5,4.292559399883875,4.315882673046104,1.818,7.862,7.880994,-18.5,-22.399988
715371866,715371867,571,5,5,4.293276720568575,4.327043720061703,1.818,7.862,7.880994,-18.5,-22.399988
715371874,715371875,572,5,5,4.285005791382932,4.369130074974524,1.818,7.862,7.880994,-18.5,-22.399988
715371882,715371883,573,5,5,4.291105443086118,4.383935438965132,1.786,7.862,7.880994,-18.5,-22.399988
715371890,715371890,574,5,5,4.2939482880617525,4.2027517627341835,1.883,7.862,7.880994,-18.5,-22.399988
715371903,715371903,575,5,5,4.292593227477216,4.287042246231207,1.69,7.862,7.880994,-18.5,-22.399988
715371916,715371916,576,5,5,4.295106558827748,4.2796947955253986,1.915,7.862,7.880994,-18.5,-22.399988
715371924,715371924,577,5,5,4.300113614973851,4.271169614453665,1.915,7.862,7.880994,-18.5,-22.399988
715371932,715371932,578,5,5,4.281984968487395,4.273786852764628,2.075,7.862,7.880994,-18.5,-22.399988
715371940,715371940,579,5,5,4.2815204983921165,4.277609545585647,1.915,7.862,7.880994,-18.5,-22.399988
715371948,715371948,580,5,5,4.280082828872308,4.275976632975555,2.2030000000000003,7.862,7.880994,-18.5,-22.399988
715371956,715371956,581,5,5,4.281676037365194,4.286907725604192,2.1069999999999998,7.862,7.880994,-18.5,-22.399988
715371964,715371964,582,5,5,4.320202673126816,4.329150383364588,2.1069999999999998,7.862,7.880994,-18.5,-22.399988
715371972,715371972,583,5,5,4.369689193276193,4.367963407227451,1.9469999999999998,7.862,7.880994,-18.5,-22.399988
715371980,715371980,584,5,5,4.374291195888291,4.3773166462534085,1.883,7.862,7.880994,-18.5,-22.399988
715371988,715371988,585,5,5,4.391320183365292,4.2490409049907685,1.883,7.862,7.880994,-18.5,-22.399988
715371995,715371996,586,5,5,4.394006026593783,4.3908203231056735,2.171,7.862,7.880994,-18.5,-22.399988
715372003,715372004,587,5,5,4.394821115140802,4.390701266505067,2.171,7.862,7.880994,-18.5,-22.399988
715372011,715372012,588,5,5,4.3956435148806765,4.388210301003345,1.754,7.862,7.880994,-18.5,-22.399988
715372019,715372020,589,5,5,4.403811794602059,4.399507666977628,1.979,7.862,7.880994,-18.5,-22.399988
715372027,715372028,590,5,5,4.426435700683364,4.42555901097407,1.851,7.862,7.880994,-18.5,-22.399988
715372035,715372036,591,5,5,4.456296167663244,4.455834719050367,2.011,7.862,7.880994,-18.5,-22.399988
715372043,715372043,592,5,5,4.460894981862153,4.457024609750938,2.171,7.862,7.880994,-18.5,-22.399988
715372051,715372051,593,5,5,4.449788551698738,4.4520170379027,2.171,7.862,7.880994,-18.5,-22.399988
715372059,715372059,594,5,5,4.4362709821941415,4.443096520474136,1.979,7.862,7.880994,-18.5,-22.399988
715372067,715372067,595,5,5,4.431345511908792,4.43208428591125,1.979,7.862,7.880994,-18.5,-22.399988
715372074,715372075,596,5,5,4.420619893855059,4.4197565792407545,1.979,7.862,7.880994,-18.5,-22.399988
715372085,715372085,597,5,5,4.397557137111192,4.239924414397798,2.075,7.862,7.880994,-18.5,-22.399988
715372093,715372093,598,5,5,4.385720810302159,4.3818965810449155,1.915,7.862,7.880994,-18.5,-22.399988
715372100,715372101,599,5,5,4.387071787135084,4.384217698253651,1.915,7.862,7.880994,-18.5,-22.399988
715372109,715372109,600,5,5,4.383190263496696,4.384238660110634,2.075,7.862,7.880994,-18.5,-22.399988
715372116,715372117,601,5,5,4.390619621213216,4.378376951463704,2.075,7.862,7.880994,-18.5,-22.399988
715372124,715372125,602,5,5,4.377051375631506,4.382580361981281,1.915,7.862,7.880994,-18.5,-22.399988
715372132,715372133,603,5,5,4.390934968054126,4.385379178388065,1.851,7.862,7.880994,-18.5,-22.399988
715372140,715372141,604,5,5,4.3857153272051415,4.381049015502459,1.979,7.862,7.880994,-18.5,-22.399988
715372148,715372148,605,5,5,4.384502134025185,4.383322997920469,1.818,7.862,7.880994,-18.5,-22.399988
715372156,715372156,606,5,5,4.390754893555478,4.380347571863861,2.1069999999999998,7.862,7.880994,-18.5,-22.399988
715372169,715372169,607,5,5,4.386039081167451,4.384808873051741,1.979,7.862,7.880994,-18.5,-22.399988
715372182,715372182,608,5,5,4.384988059601879,4.24676251419792,2.235,7.862,7.880994,-18.5,-22.399988
715372190,715372190,609,5,5,4.384173554022353,4.378449442476716,1.979,7.862,7.880994,-18.5,-22.399988
715372198,715372198,610,5,5,4.372535373831158,4.357806969316081,1.979,7.862,7.880994,-18.5,-22.399988
715372205,715372206,611,5,5,4.357310291626021,4.361566638306519,2.1069999999999998,7.862,7.880994,-18.5,-22.399988
715372214,715372214,612,5,5,4.321091872308082,4.331303823895079,2.1069999999999998,7.862,7.880994,-18.5,-22.399988
715372221,715372222,613,5,5,4.287817849245823,4.288701511232634,2.011,7.862,7.880994,-18.5,-22.399988
715372229,715372230,614,5,5,4.285482886635388,4.277505747397585,2.2030000000000003,7.862,7.880994,-18.5,-22.399988
715372237,715372238,615,5,5,4.282164029502002,4.274842207671469,1.979,7.862,7.880994,-18.5,-22.399988
715372255,715372256,616,5,5,4.280973724320809,4.27845783709356,1.786,7.862,7.880994,-18.5,-22.399988
715372264,715372264,617,5,5,4.279715501716049,4.275761452169723,2.1390000000000002,7.862,7.880994,-18.5,-22.399988
715372271,715372272,618,5,5,4.281599041686385,4.2732766080748705,2.1069999999999998,7.862,7.880994,-18.5,-22.399988
715372279,715372280,619,5,5,4.292096543472481,4.275202679286282,2.1390000000000002,7.862,7.880994,-18.5,-22.399988
715372287,715372288,620,5,5,4.3177138652207585,4.271265406927286,2.043,7.862,7.880994,-18.5,-22.399988
715372295,715372295,621,5,5,4.326607820633907,4.268253607761485,1.915,7.862,7.880994,-18.5,-22.399988
715372450,715372450,622,5,5,4.324527312647945,4.259985674428046,2.364,7.862,7.880994,-18.5,-22.399988
715372457,715372458,623,5,5,4.3099126998251425,4.266169518418159,2.1069999999999998,7.862,7.880994,-18.5,-22.399988
715372465,715372466,624,5,5,4.308248890325629,4.26900966576521,2.171,7.862,7.880994,-18.5,-22.399988
715372473,715372474,625,5,5,4.309638390877045,4.272836951490667,2.171,7.862,7.880994,-18.5,-22.399988
715372481,715372482,626,5,5,4.288496063511084,4.2856431471033165,2.332,7.862,7.880994,-18.5,-22.399988
715372489,715372490,627,5,5,4.294481047737996,4.287954296032649,2.332,7.862,7.880994,-18.5,-22.399988
715372507,715372508,628,5,5,4.284396761716395,4.281013824149018,2.043,7.862,7.880994,-18.5,-22.399988
715372515,715372516,629,5,5,4.289416231957511,4.27406360641236,2.043,7.862,7.880994,-18.5,-22.399988
715372523,715372524,630,5,5,4.291387350071435,4.27915127358354,1.722,7.862,7.880994,-18.5,-22.399988
715372531,715372531,631,5,5,4.314466933520539,4.276149858500271,2.075,7.862,7.880994,-18.5,-22.399988
715372539,715372539,632,5,5,4.334561683360125,4.271077947220518,2.075,7.862,7.880994,-18.5,-22.399988
715372547,715372547,633,5,5,4.305546768950991,4.277527287860373,2.235,7.862,7.880994,-18.5,-22.399988
715372565,715372565,634,5,5,4.2824536177214165,4.1833826751313055,1.818,7.862,7.880994,-18.5,-22.399988
715372573,715372574,635,5,5,4.273762007233635,4.278752437282587,1.818,7.862,7.880994,-18.5,-22.399988
715372581,715372581,636,5,5,4.282578896854975,4.276334512499497,2.043,7.862,7.880994,-18.5,-22.399988
715372589,715372589,637,5,5,4.2847476572082766,4.28069139162451,2.043,7.862,7.880994,-18.5,-22.399988
715372597,715372597,638,5,5,4.290763526795061,4.280491884152785,1.851,7.862,7.880994,-18.5,-22.399988
715372604,715372605,639,5,5,4.328808502904101,4.314609028632418,1.979,7.862,7.880994,-18.5,-22.399988
715372612,715372613,640,5,5,4.355118513284853,4.356953748799324,1.915,7.862,7.880994,-18.5,-22.399988
715372625,715372626,641,5,5,4.366735585427677,4.370555275871686,2.011,7.862,7.880994,-18.5,-22.399988
715372633,715372634,642,5,5,4.3867656814573035,4.384963080704629,2.011,7.862,7.880994,-18.5,-22.399988
715372661,715372662,643,5,5,4.396584909307622,4.239307536562149,2.171,7.862,7.880994,-18.5,-22.399988
715372670,715372670,644,5,5,4.388337634245035,4.390453344518189,2.171,7.862,7.880994,-18.5,-22.399988
715372688,715372688,645,5,5,4.395701217766331,4.388194836464959,1.915,7.862,7.880994,-18.5,-22.399988
715372696,715372696,646,5,5,4.389451015934489,4.389022673924088,1.915,7.862,7.880994,-18.5,-22.399988
715372708,715372709,647,5,5,4.38731201968253,4.381787314477413,2.011,7.862,7.880994,-18.5,-22.399988
715372719,715372719,648,5,5,4.394590647712408,4.383628441045159,1.818,7.862,7.880994,-18.5,-22.399988
715372727,715372727,649,5,5,4.388149404761904,4.3855879656916645,2.075,7.862,7.880994,-18.5,-22.399988
715372735,715372735,650,5,5,4.386080354311795,4.386010755342179,2.075,7.862,7.880994,-18.5,-22.399988
715372742,715372743,651,5,5,4.390647178616886,4.381642087556991,1.754,7.862,7.880994,-18.5,-22.399988
715372750,715372751,652,5,5,4.389260539359257,4.396333370898292,1.754,7.862,7.880994,-18.5,-22.399988
715372768,715372769,653,5,5,4.396312105541456,4.387907463591695,2.011,7.862,7.880994,-18.5,-22.399988
715372776,715372777,654,5,5,4.388763115426041,4.383072902792735,2.011,7.862,7.880994,-18.5,-22.399988
715372789,715372790,655,5,5,4.382818974708879,4.3906758765479585,2.1069999999999998,7.862,7.880994,-18.5,-22.399988
715372803,715372803,656,5,5,4.3886860675277575,4.383862831813727,2.2030000000000003,7.862,7.880994,-18.5,-22.399988
715372810,715372811,657,5,5,4.395528191503976,4.38975112213295,1.754,7.862,7.880994,-18.5,-22.399988
715372818,715372819,658,5,5,4.396166256576721,4.387549976030681,2.235,7.862,7.880994,-18.5,-22.399988
715372831,715372832,659,5,5,4.39969359329108,4.3892992038673615,2.267,7.862,7.880994,-18.5,-22.399988
715372839,715372840,660,5,5,4.394203928107869,4.389743189464233,2.043,7.862,7.880994,-18.5,-22.399988
715372847,715372848,661,5,5,4.389632060001478,4.3779901372163055,2.011,7.862,7.880994,-18.5,-22.399988
715372855,715372856,662,5,5,4.382522827801158,4.249528377659213,1.979,7.862,7.880994,-18.5,-22.399988
715372863,715372864,663,5,5,4.3879121376603205,4.372908070650664,1.979,7.862,7.880994,-18.5,-22.399988
715372871,715372871,664,5,5,4.384968398889403,4.378005417858277,1.69,7.862,7.880994,-18.5,-22.399988
715372894,715372895,665,5,5,4.381507098221439,4.377963335230902,1.69,7.862,7.880994,-18.5,-22.399988
715372902,715372903,666,5,5,4.3786476195837345,4.374587500495596,1.979,7.862,7.880994,-18.5,-22.399988
715372910,715372910,667,5,5,4.383159807717869,4.377295096510983,1.979,7.862,7.880994,-18.5,-22.399988
715372918,715372918,668,5,5,4.385874774995624,4.392088884951969,1.979,7.862,7.880994,-18.5,-22.399988
715372926,715372926,669,5,5,4.374320831326475,4.3694597516266915,2.1069999999999998,7.862,7.880994,-18.5,-22.399988
715372934,715372934,670,5,5,4.3704422989826055,4.366638490683581,1.818,7.862,7.880994,-18.5,-22.399988
715372942,715372942,671,5,5,4.371649774159522,4.369853900051663,1.9469999999999998,7.862,7.880994,-18.5,-22.399988
715372955,715372955,672,5,5,4.3720790140634955,4.373892963917527,1.979,7.862,7.880994,-18.5,-22.399988
715372962,715372963,673,5,5,4.366979922448869,4.3752348072101865,2.075,7.862,7.880994,-18.5,-22.399988
715372970,715372971,674,5,5,4.371480691612939,4.3678102440524444,2.075,7.862,7.880994,-18.5,-22.399988
715372978,715372979,675,5,5,4.371602964375174,4.378373143201745,2.075,7.862,7.880994,-18.5,-22.399988
715372986,715372987,676,5,5,4.377918410555127,4.368680641751102,2.1390000000000002,7.862,7.880994,-18.5,-22.399988
715372994,715372995,677,5,5,4.37274728415223,4.369628686455503,2.1390000000000002,7.862,7.880994,-18.5,-22.399988
715373007,715373008,678,5,5,4.382474467540864,4.380748490532793,2.043,7.862,7.880994,-18.5,-22.399988
715373015,715373016,679,5,5,4.389441984886866,4.381800184218607,2.043,7.862,7.880994,-18.5,-22.399988
715373023,715373023,680,5,5,4.384172495007942,4.382972129182195,2.332,7.862,7.880994,-18.5,-22.399988
715373031,715373031,681,5,5,4.382275073938929,4.382231506476777,2.1390000000000002,7.862,7.880994,-18.5,-22.399988
715373039,715373039,682,5,5,4.391711714743353,4.3832386861408885,1.883,7.862,7.880994,-18.5,-22.399988
715373057,715373057,683,5,5,4.387823096160618,4.387766435188563,1.786,7.862,7.880994,-18.5,-22.399988
715373065,715373065,684,5,5,4.3914823178596345,4.385481041876528,1.9469999999999998,7.862,7.880994,-18.5,-22.399988
715373073,715373073,685,5,5,4.386070900643627,4.393633974054395,1.9469999999999998,7.862,7.880994,-18.5,-22.399988
715373081,715373081,686,5,5,4.3904523164271705,4.389094363253194,2.043,7.862,7.880994,-18.5,-22.399988
715373089,715373089,687,5,5,4.3800700823983165,4.378906721304404,1.883,7.862,7.880994,-18.5,-22.399988
715373097,715373097,688,5,5,4.389705794610342,4.3853621796252416,1.69,7.862,7.880994,-18.5,-22.399988
715373110,715373110,689,5,5,4.389520840020935,4.379277227078297,2.043,7.862,7.880994,-18.5,-22.399988
715373118,715373118,690,5,5,4.386850346306452,4.382111197712347,1.69,7.862,7.880994,-18.5,-22.399988
715373126,715373126,691,5,5,4.383348962994273,4.387459655990171,1.786,7.862,7.880994,-18.5,-22.399988
715373133,715373134,692,5,5,4.3870670172084125,4.383670791653439,2.075,7.862,7.880994,-18.5,-22.399988
715373141,715373142,693,5,5,4.388908091864123,4.2403108916573355,1.818,7.862,7.880994,-18.5,-22.399988
715373154,715373155,694,5,5,4.383130165818182,4.383579839794389,1.883,7.862,7.880994,-18.5,-22.399988
715373162,715373163,695,5,5,4.3875996249583675,4.384881136986692,1.979,7.862,7.880994,-18.5,-22.399988
715373170,715373170,696,5,5,4.3928817010739705,4.385755173180218,1.9469999999999998,7.862,7.880994,-18.5,-22.399988
715373178,715373178,697,5,5,4.388140415667925,4.37940064028777,1.9469999999999998,7.862,7.880994,-18.5,-22.399988
715373186,715373186,698,5,5,4.381322946962667,4.372178679473669,1.9469999999999998,7.862,7.880994,-18.5,-22.399988
715373418,715373418,702,5,5,4.514862471443406,4.438172268437189,1.9469999999999998,7.862,7.880994,-18.5,-22.399988
715373425,715373426,703,5,5,4.511847957946581,4.42752466351094,1.9469999999999998,7.862,7.880994,-18.5,-22.399988
715373433,715373433,704,5,5,4.493587626578544,4.268208487628833,2.1390000000000002,7.862,7.880994,-18.5,-22.399988
715373441,715373441,705,5,5,4.454338466511203,4.395362583406774,2.1390000000000002,7.862,7.880994,-18.5,-22.399988
715373449,715373449,706,5,5,4.4092815376735714,4.371272280208333,1.915,7.862,7.880994,-18.5,-22.399988
715373457,715373457,707,5,5,4.381321266702544,4.363443792502069,1.851,7.862,7.880994,-18.5,-22.399988
715373465,715373465,708,5,5,4.362934206996013,4.352143465086786,2.267,7.862,7.880994,-18.5,-22.399988
715373473,715373473,709,5,5,4.327738184821257,4.323874052367835,2.171,7.862,7.880994,-18.5,-22.399988
715373480,715373481,710,5,5,4.287038968858131,4.286062945543085,2.1390000000000002,7.862,7.880994,-18.5,-22.399988
715373488,715373489,711,5,5,4.2766738260198665,4.26812773967916,2.1390000000000002,7.862,7.880994,-18.5,-22.399988
715373496,715373497,712,5,5,4.261169091485156,4.2594087789640325,2.011,7.862,7.880994,-18.5,-22.399988
715373515,715373515,713,5,5,4.265537249209703,4.258475709465223,1.69,7.862,7.880994,-18.5,-22.399988
715373523,715373523,714,5,5,4.262279462293724,4.259200401248918,1.69,7.862,7.880994,-18.5,-22.399988
715373530,715373531,715,5,5,4.26649456567352,4.259359030938949,1.851,7.862,7.880994,-18.5,-22.399988
715373539,715373539,716,5,5,4.265234488474836,4.265639057509771,2.1069999999999998,7.862,7.880994,-18.5,-22.399988
715373547,715373547,717,5,5,4.269266455365463,4.2588995811928685,2.075,7.862,7.880994,-18.5,-22.399988
715373560,715373560,718,5,5,4.264235061746478,4.283265951198676,2.011,7.862,7.880994,-18.5,-22.399988
715373568,715373568,719,5,5,4.2607646711793885,4.311434035864058,2.011,7.862,7.880994,-18.5,-22.399988
715373596,715373597,720,5,5,4.255510835003395,4.341633988133273,2.011,7.862,7.880994,-18.5,-22.399988
715373604,715373604,721,5,5,4.257154391266505,4.328619178169259,1.69,7.862,7.880994,-18.5,-22.399988
715373612,715373613,722,5,5,4.268762140695916,4.310311982060013,1.69,7.862,7.880994,-18.5,-22.399988
715373620,715373621,723,5,5,4.273070590500518,4.297435393897996,1.9469999999999998,7.862,7.880994,-18.5,-22.399988
715373628,715373629,724,5,5,4.2956931212436364,4.287799731595015,1.883,7.862,7.880994,-18.5,-22.399988
715373651,715373652,725,5,5,4.306186926824826,4.279076850202744,2.075,7.862,7.880994,-18.5,-22.399988
715373659,715373660,726,5,5,4.289406968289319,4.272632037580738,2.075,7.862,7.880994,-18.5,-22.399988
715373667,715373668,727,5,5,4.273930173511385,4.264840139588187,2.075,7.862,7.880994,-18.5,-22.399988
715373675,715373676,728,5,5,4.266646129889426,4.2513872268135895,2.075,7.862,7.880994,-18.5,-22.399988
715373683,715373684,729,5,5,4.262377416870405,4.260483980747872,2.043,7.862,7.880994,-18.5,-22.399988
715373691,715373692,730,5,5,4.271178729311004,4.2613593451129015,2.011,7.862,7.880994,-18.5,-22.399988
715373699,715373700,731,5,5,4.266076143079316,4.256613353951825,1.818,7.862,7.880994,-18.5,-22.399988
715373717,715373718,732,5,5,4.266269864920891,4.2598092358570865,1.818,7.862,7.880994,-18.5,-22.399988
715373725,715373726,733,5,5,4.262383125041429,4.255496137890904,2.043,7.862,7.880994,-18.5,-22.399988
715373739,715373739,734,5,5,4.255540904743942,4.258601857421357,1.9469999999999998,7.862,7.880994,-18.5,-22.399988
715373746,715373747,735,5,5,4.2740322126668975,4.2736929069847545,1.915,7.862,7.880994,-18.5,-22.399988
715373754,715373755,736,5,5,4.299671893082685,4.3077315107843885,1.915,7.862,7.880994,-18.5,-22.399988
715373763,715373763,737,5,5,4.348072592771375,4.342325055782021,2.1069999999999998,7.862,7.880994,-18.5,-22.399988
715373770,715373771,738,5,5,4.362923640471906,4.361340982923031,2.1069999999999998,7.862,7.880994,-18.5,-22.399988
715373778,715373779,739,5,5,4.377988408022564,4.37915727071793,1.915,7.862,7.880994,-18.5,-22.399988
715373786,715373786,740,5,5,4.3818484622220915,4.378560933981541,1.915,7.862,7.880994,-18.5,-22.399988
715373794,715373794,741,5,5,4.385897893918004,4.378411921154993,2.011,7.862,7.880994,-18.5,-22.399988
715373802,715373802,742,5,5,4.3870576263280645,4.378134584727458,2.011,7.862,7.880994,-18.5,-22.399988
715373810,715373810,743,5,5,4.3815772032734355,4.381673097085343,2.075,7.862,7.880994,-18.5,-22.399988
715373818,715373818,744,5,5,4.381223702348974,4.23741781766459,2.075,7.862,7.880994,-18.5,-22.399988
715373825,715373826,745,5,5,4.383304488105323,4.374126039613706,2.075,7.862,7.880994,-18.5,-22.399988
715373834,715373834,746,5,5,4.385192000818151,4.376194161569112,2.075,7.862,7.880994,-18.5,-22.399988
715373842,715373842,747,5,5,4.385174211719336,4.382304895304388,1.883,7.862,7.880994,-18.5,-22.399988
715373849,715373850,748,5,5,4.386626983959103,4.382600675353912,1.883,7.862,7.880994,-18.5,-22.399988
715373857,715373858,749,5,5,4.379024355193819,4.385734163198313,2.3,7.862,7.880994,-18.5,-22.399988
715373865,715373866,750,5,5,4.377966179750161,4.385649580502793,1.818,7.862,7.880994,-18.5,-22.399988
715373873,715373874,751,5,5,4.393544776622729,4.400196882502272,1.915,7.862,7.880994,-18.5,-22.399988
715373881,715373881,752,5,5,4.404553435404669,4.411072019227537,2.1069999999999998,7.862,7.880994,-18.5,-22.399988
715373891,715373891,753,5,5,4.425049485294118,4.4214186831485325,2.235,7.862,7.880994,-18.5,-22.399988
715373904,715373904,754,5,5,4.432502280465594,4.43093194188408,2.235,7.862,7.880994,-18.5,-22.399988
715373912,715373912,755,5,5,4.43021686535444,4.4282298906392645,1.883,7.862,7.880994,-18.5,-22.399988
715373920,715373920,756,5,5,4.423216914874884,4.42557408822416,1.883,7.862,7.880994,-18.5,-22.399988
715373928,715373928,757,5,5,4.4132315786631136,4.422286445466847,1.9469999999999998,7.862,7.880994,-18.5,-22.399988
715373951,715373951,758,5,5,4.39761723258143,4.407638612611128,1.851,7.862,7.880994,-18.5,-22.399988
715373959,715373959,759,5,5,4.385735084426953,4.3964038723601035,1.851,7.862,7.880994,-18.5,-22.399988
715373967,715373967,760,5,5,4.386340019966912,4.387194110924768,1.979,7.862,7.880994,-18.5,-22.399988
715373974,715373975,761,5,5,4.38975921297874,4.381683023857639,1.979,7.862,7.880994,-18.5,-22.399988
715373982,715373983,762,5,5,4.385660224136142,4.38191943251955,1.979,7.862,7.880994,-18.5,-22.399988
715373990,715373991,763,5,5,4.382646679049789,4.384359644190738,1.979,7.862,7.880994,-18.5,-22.399988
715374003,715374004,764,5,5,4.380134296503945,4.373954823974601,1.9469999999999998,7.862,7.880994,-18.5,-22.399988
715374011,715374012,765,5,5,4.3773935831918624,4.236259465994156,2.1390000000000002,7.862,7.880994,-18.5,-22.399988
715374019,715374020,766,5,5,4.375388122857672,4.364315657176286,2.1390000000000002,7.862,7.880994,-18.5,-22.399988
715374027,715374028,767,5,5,4.371726880792585,4.35454803434643,1.883,7.862,7.880994,-18.5,-22.399988
715374035,715374035,768,5,5,4.3304918074710645,4.322643125102438,1.883,7.862,7.880994,-18.5,-22.399988
715374043,715374044,769,5,5,4.286720395625221,4.2969574944553575,1.786,7.862,7.880994,-18.5,-22.399988
715374051,715374052,770,5,5,4.2605878504094905,4.264924871549416,1.786,7.862,7.880994,-18.5,-22.399988
715374064,715374065,771,5,5,4.260365118991805,4.2594865916450315,2.075,7.862,7.880994,-18.5,-22.399988
715374072,715374073,772,5,5,4.260049443178608,4.257532601024049,1.915,7.862,7.880994,-18.5,-22.399988
715374080,715374081,773,5,5,4.256047840177663,4.257858935220285,1.786,7.862,7.880994,-18.5,-22.399988
715374088,715374089,774,5,5,4.2621932918626495,4.254669373878939,1.851,7.862,7.880994,-18.5,-22.399988
715374096,715374096,775,5,5,4.261828933269324,4.253931421773956,2.171,7.862,7.880994,-18.5,-22.399988
715374104,715374105,776,5,5,4.276929448068593,4.256531517391305,2.171,7.862,7.880994,-18.5,-22.399988
715374112,715374112,777,5,5,4.284551165537722,4.2582557783631865,2.075,7.862,7.880994,-18.5,-22.399988
715374359,715374360,778,5,5,4.320688699673409,4.248317107800763,2.075,7.862,7.880994,-18.5,-22.399988
715374367,715374368,779,5,5,4.3665505042192105,4.253749757824922,2.075,7.862,7.880994,-18.5,-22.399988
715374375,715374376,780,5,5,4.397623786348897,4.267503298267327,2.2030000000000003,7.862,7.880994,-18.5,-22.399988
715374384,715374384,781,5,5,4.384658350849499,4.272404731236938,2.011,7.862,7.880994,-18.5,-22.399988
715374407,715374407,782,5,5,4.3183612434668985,4.257849120135365,1.915,7.862,7.880994,-18.5,-22.399988
715374415,715374415,783,5,5,4.284071408950982,4.257872578675949,1.915,7.862,7.880994,-18.5,-22.399988
715374423,715374423,784,5,5,4.2640710459929245,4.265120359893133,2.043,7.862,7.880994,-18.5,-22.399988
715374431,715374431,785,5,5,4.2628576664399045,4.286692404493904,2.1390000000000002,7.862,7.880994,-18.5,-22.399988
715374449,715374449,786,5,5,4.268619283585749,4.283175525887846,2.075,7.862,7.880994,-18.5,-22.399988
715374457,715374457,787,5,5,4.282615331551901,4.267568962884945,2.075,7.862,7.880994,-18.5,-22.399988
715374465,715374465,788,5,5,4.289767171983009,4.262554201715134,1.883,7.862,7.880994,-18.5,-22.399988
715374473,715374474,789,5,5,4.287376911665919,4.255322845883864,1.883,7.862,7.880994,-18.5,-22.399988
715374491,715374492,790,5,5,4.291715468622656,4.263116631960408,1.979,7.862,7.880994,-18.5,-22.399988
715374499,715374500,791,5,5,4.2794423650826445,4.160731226278292,1.915,7.862,7.880994,-18.5,-22.399988
715374507,715374508,792,5,5,4.263960220351041,4.263237108332162,2.075,7.862,7.880994,-18.5,-22.399988
715374520,715374521,793,5,5,4.257598948275376,4.259716441884521,2.011,7.862,7.880994,-18.5,-22.399988
715374528,715374529,794,5,5,4.261175495403377,4.256105694271834,2.011,7.862,7.880994,-18.5,-22.399988
715374536,715374537,795,5,5,4.261209004518796,4.261311333626267,1.883,7.862,7.880994,-18.5,-22.399988
715374544,715374545,796,5,5,4.288620366878519,4.274335947298847,1.883,7.862,7.880994,-18.5,-22.399988
715374557,715374558,797,5,5,4.313564204115263,4.31470154919268,1.883,7.862,7.880994,-18.5,-22.399988
715374565,715374566,798,5,5,4.348538126026525,4.342429137578002,2.043,7.862,7.880994,-18.5,-22.399988
715374573,715374574,799,5,5,4.377545616704524,4.365016543514273,1.979,7.862,7.880994,-18.5,-22.399988
715374581,715374582,800,5,5,4.399702032542512,4.373035583534163,1.883,7.862,7.880994,-18.5,-22.399988
715374589,715374589,801,5,5,4.441430642404481,4.388177038874307,2.1390000000000002,7.862,7.880994,-18.5,-22.399988
715374597,715374597,802,5,5,4.47896798637801,4.411911834501624,2.1390000000000002,7.862,7.880994,-18.5,-22.399988
715374605,715374605,803,5,5,4.506476117724385,4.428158159537454,1.818,7.862,7.880994,-18.5,-22.399988
715374615,715374615,804,5,5,4.427846239565133,4.422770792681796,1.818,7.862,7.880994,-18.5,-22.399988
715374628,715374628,805,5,5,4.439562147505423,4.4270421334875145,1.818,7.862,7.880994,-18.5,-22.399988
715374636,715374636,806,5,5,4.425605340008345,4.414548723752767,2.011,7.862,7.880994,-18.5,-22.399988
715374644,715374644,807,5,5,4.432830586811857,4.412506996362901,2.1390000000000002,7.862,7.880994,-18.5,-22.399988
715374651,715374652,808,5,5,4.4375628901461575,4.421772313547184,2.1069999999999998,7.862,7.880994,-18.5,-22.399988
715374669,715374670,809,5,5,4.448110789980731,4.4131715542802485,2.011,7.862,7.880994,-18.5,-22.399988
715374677,715374678,810,5,5,4.4606054798401935,4.422161742227288,1.9469999999999998,7.862,7.880994,-18.5,-22.399988
715374685,715374686,811,5,5,4.457657957446809,4.427448171535093,1.915,7.862,7.880994,-18.5,-22.399988
715374693,715374693,812,5,5,4.449175715350965,4.4273408867610335,1.915,7.862,7.880994,-18.5,-22.399988
715374701,715374701,813,5,5,4.418543290820703,4.395594419204,1.9469999999999998,7.862,7.880994,-18.5,-22.399988
715374709,715374709,814,5,5,4.393470389190175,4.376462445319817,1.9469999999999998,7.862,7.880994,-18.5,-22.399988
715374717,715374717,815,5,5,4.356210474607968,4.353024373551431,1.786,7.862,7.880994,-18.5,-22.399988
715374730,715374730,816,5,5,4.338710928789409,4.334664133994323,1.786,7.862,7.880994,-18.5,-22.399988
715374738,715374738,817,5,5,4.319719052836359,4.313307424584869,2.043,7.862,7.880994,-18.5,-22.399988
715374746,715374746,818,5,5,4.311742682863032,4.307120963738334,2.043,7.862,7.880994,-18.5,-22.399988
715374769,715374769,819,5,5,4.311251745483942,4.3019250104116615,2.043,7.862,7.880994,-18.5,-22.399988
715374782,715374782,820,5,5,4.2927789343180685,4.2900641505387185,1.851,7.862,7.880994,-18.5,-22.399988
715374790,715374790,821,5,5,4.285542589215941,4.286027279987988,2.171,7.862,7.880994,-18.5,-22.399988
715374798,715374798,822,5,5,4.27420538532529,4.278198027984518,2.1069999999999998,7.862,7.880994,-18.5,-22.399988
715374806,715374806,823,5,5,4.2724507332451465,4.2739049849269986,2.1069999999999998,7.862,7.880994,-18.5,-22.399988
715374814,715374814,824,5,5,4.27040460410557,4.274084201744259,1.915,7.862,7.880994,-18.5,-22.399988
715374822,715374822,825,5,5,4.2634296485752925,4.267476884927415,1.915,7.862,7.880994,-18.5,-22.399988
715374830,715374830,826,5,5,4.2686611869560265,4.270024346648612,2.1069999999999998,7.862,7.880994,-18.5,-22.399988
715374843,715374843,827,5,5,4.2665071479206285,4.273857071809489,1.9469999999999998,7.862,7.880994,-18.5,-22.399988
715374851,715374852,828,5,5,4.275169726630372,4.284834174713109,1.9469999999999998,7.862,7.880994,-18.5,-22.399988
715374859,715374859,829,5,5,4.292545820162943,4.2947972768419715,2.1069999999999998,7.862,7.880994,-18.5,-22.399988
715374867,715374867,830,5,5,4.306438979551196,4.309405150663442,2.1069999999999998,7.862,7.880994,-18.5,-22.399988
715374875,715374875,831,5,5,4.333193128610043,4.320271225444769,2.2030000000000003,7.862,7.880994,-18.5,-22.399988
715374888,715374889,832,5,5,4.345999568385514,4.338470333194849,2.2030000000000003,7.862,7.880994,-18.5,-22.399988
715374901,715374902,833,5,5,4.355889785491766,4.3462251840353145,1.851,7.862,7.880994,-18.5,-22.399988
715374909,715374909,834,5,5,4.367582737338853,4.3498076257130585,2.171,7.862,7.880994,-18.5,-22.399988
715374917,715374917,835,5,5,4.372627316473814,4.367865365598233,2.1069999999999998,7.862,7.880994,-18.5,-22.399988
715374925,715374925,836,5,5,4.377364760318748,4.365900896112964,1.9469999999999998,7.862,7.880994,-18.5,-22.399988
715374933,715374933,837,5,5,4.3786258665346836,4.369777199898577,2.235,7.862,7.880994,-18.5,-22.399988
715374941,715374941,838,5,5,4.373961169390107,4.375165576930908,2.235,7.862,7.880994,-18.5,-22.399988
715374948,715374949,839,5,5,4.379639584809705,4.380384401728752,1.883,7.862,7.880994,-18.5,-22.399988
715374956,715374957,840,5,5,4.373426958381843,4.376244908004058,1.979,7.862,7.880994,-18.5,-22.399988
715374964,715374965,841,5,5,4.378994407566975,4.373843421038131,1.722,7.862,7.880994,-18.5,-22.399988
715374972,715374973,842,5,5,4.377795067799675,4.375199273277818,1.915,7.862,7.880994,-18.5,-22.399988
715374985,715374986,843,5,5,4.378872929071127,4.369861989437105,1.979,7.862,7.880994,-18.5,-22.399988
715374993,715374993,844,5,5,4.377236999063671,4.375095274970377,2.011,7.862,7.880994,-18.5,-22.399988
715375011,715375012,845,5,5,4.378129941829103,4.385307665000714,2.011,7.862,7.880994,-18.5,-22.399988
715375019,715375019,846,5,5,4.386246025563623,4.3862241158963595,1.883,7.862,7.880994,-18.5,-22.399988
715375027,715375028,847,5,5,4.38531992090104,4.3788881079656115,2.075,7.862,7.880994,-18.5,-22.399988
715375035,715375036,848,5,5,4.386325719328961,4.390677196530929,2.235,7.862,7.880994,-18.5,-22.399988
715375048,715375049,849,5,5,4.397742171865444,4.402062068420548,1.9469999999999998,7.862,7.880994,-18.5,-22.399988
715375056,715375056,850,5,5,4.412751696185286,4.412024390548559,2.171,7.862,7.880994,-18.5,-22.399988
715375064,715375064,851,5,5,4.432445741942831,4.423788859100386,2.1069999999999998,7.862,7.880994,-18.5,-22.399988
715375072,715375072,852,5,5,4.431735797612912,4.2367755134462985,2.235,7.862,7.880994,-18.5,-22.399988
715375079,715375080,853,5,5,4.431420573084738,4.433790595027162,2.1390000000000002,7.862,7.880994,-18.5,-22.399988
715375087,715375088,854,5,5,4.433847485794058,4.430047311415414,1.915,7.862,7.880994,-18.5,-22.399988
715375357,715375358,858,5,5,4.385588316179741,4.2428424358349215,2.1069999999999998,7.862,7.880994,-18.5,-22.399988
715375365,715375366,859,5,5,4.385274720570749,4.386739443339653,2.075,7.862,7.880994,-18.5,-22.399988
715375373,715375374,860,5,5,4.388150571226762,4.392754416248389,2.235,7.862,7.880994,-18.5,-22.399988
715375381,715375382,861,5,5,4.389398205222726,4.397558974994961,2.1069999999999998,7.862,7.880994,-18.5,-22.399988
715375389,715375389,862,5,5,4.389644664450684,4.390633087606675,1.786,7.862,7.880994,-18.5,-22.399988
715375397,715375397,863,5,5,4.382281459593456,4.38114750676403,1.979,7.862,7.880994,-18.5,-22.399988
715375405,715375405,864,5,5,4.369404672422205,4.3603546298018365,1.9469999999999998,7.862,7.880994,-18.5,-22.399988
715375413,715375413,865,5,5,4.327844725125823,4.317292465057179,2.075,7.862,7.880994,-18.5,-22.399988
715375420,715375421,866,5,5,4.302528843685199,4.293021118412739,2.267,7.862,7.880994,-18.5,-22.399988
715375428,715375429,867,5,5,4.282199882641244,4.286726877880068,2.043,7.862,7.880994,-18.5,-22.399988
715375436,715375437,868,5,5,4.276316741733495,4.276926767046467,2.1069999999999998,7.862,7.880994,-18.5,-22.399988
715375444,715375445,869,5,5,4.273357722570107,4.268341187479103,2.267,7.862,7.880994,-18.5,-22.399988
715375453,715375453,870,5,5,4.261364305014291,4.182493170286355,2.043,7.862,7.880994,-18.5,-22.399988
715375460,715375461,871,5,5,4.265491114551084,4.275880512214733,2.267,7.862,7.880994,-18.5,-22.399988
715375468,715375469,872,5,5,4.259276039089937,4.280074191459874,2.1390000000000002,7.862,7.880994,-18.5,-22.399988
715375476,715375477,873,5,5,4.262939570553295,4.27395020292772,1.915,7.862,7.880994,-18.5,-22.399988
715375484,715375485,874,5,5,4.265409086350612,4.280146670454546,2.043,7.862,7.880994,-18.5,-22.399988
715375492,715375493,875,5,5,4.265547089067678,4.2892229936611495,2.075,7.862,7.880994,-18.5,-22.399988
715375500,715375501,876,5,5,4.258325169765052,4.289202659438991,2.011,7.862,7.880994,-18.5,-22.399988
715375508,715375509,877,5,5,4.264055874489384,4.303816389634632,1.9469999999999998,7.862,7.880994,-18.5,-22.399988
715375516,715375517,878,5,5,4.270212023195876,4.295447155169382,2.075,7.862,7.880994,-18.5,-22.399988
715375524,715375525,879,5,5,4.266649373625581,4.3021666879454035,2.075,7.862,7.880994,-18.5,-22.399988
715375532,715375533,880,5,5,4.2702972507982855,4.29677776027115,1.9469999999999998,7.862,7.880994,-18.5,-22.399988
715375540,715375541,881,5,5,4.266511158514566,4.3005807344836935,1.722,7.862,7.880994,-18.5,-22.399988
715375548,715375549,882,5,5,4.270256405432169,4.289233841440061,2.075,7.862,7.880994,-18.5,-22.399988
715375556,715375557,883,5,5,4.266285549094866,4.2830324788037775,1.754,7.862,7.880994,-18.5,-22.399988
715375564,715375565,884,5,5,4.270155241662639,4.285733924612887,1.979,7.862,7.880994,-18.5,-22.399988
715375572,715375573,885,5,5,4.266103356431018,4.2744403034671805,1.915,7.862,7.880994,-18.5,-22.399988
715375580,715375580,886,5,5,4.267315080330593,4.274076956781195,1.979,7.862,7.880994,-18.5,-22.399988
715375588,715375589,887,5,5,4.275554187810922,4.279086557093602,2.011,7.862,7.880994,-18.5,-22.399988
715375596,715375596,888,5,5,4.26665698861627,4.274258185389089,2.1390000000000002,7.862,7.880994,-18.5,-22.399988
715375604,715375604,889,5,5,4.2761937551975295,4.28038658430739,2.3,7.862,7.880994,-18.5,-22.399988
715375612,715375613,890,5,5,4.266344942654645,4.288897153764831,2.1390000000000002,7.862,7.880994,-18.5,-22.399988
715375630,715375631,891,5,5,4.269892599170328,4.289249421118973,2.332,7.862,7.880994,-18.5,-22.399988
715375638,715375639,892,5,5,4.273359440472607,4.189510580320471,2.235,7.862,7.880994,-18.5,-22.399988
715375646,715375647,893,5,5,4.269701053670574,4.285561331246916,2.1069999999999998,7.862,7.880994,-18.5,-22.399988
715375654,715375655,894,5,5,4.273903354957766,4.275374339392813,1.851,7.862,7.880994,-18.5,-22.399988
715375662,715375663,895,5,5,4.27658420535353,4.280823965184538,2.235,7.862,7.880994,-18.5,-22.399988
715375670,715375671,896,5,5,4.269204244431418,4.278719974040782,1.979,7.862,7.880994,-18.5,-22.399988
715375683,715375684,897,5,5,4.271529725656008,4.280051682848545,2.011,7.862,7.880994,-18.5,-22.399988
715375691,715375692,898,5,5,4.274854119357657,4.267807074815721,2.171,7.862,7.880994,-18.5,-22.399988
715375714,715375715,899,5,5,4.271761256538301,4.278294366776317,1.915,7.862,7.880994,-18.5,-22.399988
715375722,715375723,900,5,5,4.274564275651653,4.275588631893326,2.235,7.862,7.880994,-18.5,-22.399988
715375730,715375731,901,5,5,4.2727164729990825,4.271116442671147,1.786,7.862,7.880994,-18.5,-22.399988
715375738,715375739,902,5,5,4.2664677571445315,4.278026994340725,2.1069999999999998,7.862,7.880994,-18.5,-22.399988
715375746,715375747,903,5,5,4.279912425127615,4.277829182128906,2.011,7.862,7.880994,-18.5,-22.399988
715375754,715375755,904,5,5,4.277878648811998,4.285675515962312,1.883,7.862,7.880994,-18.5,-22.399988
715375762,715375763,905,5,5,4.286800517845924,4.2915003649627375,1.851,7.862,7.880994,-18.5,-22.399988
715375770,715375771,906,5,5,4.2943593562951765,4.302312151475835,2.075,7.862,7.880994,-18.5,-22.399988
715375778,715375779,907,5,5,4.311392982961364,4.313096107166353,1.915,7.862,7.880994,-18.5,-22.399988
715375786,715375786,908,5,5,4.32178882663151,4.326745865445095,1.786,7.862,7.880994,-18.5,-22.399988
715375796,715375796,909,5,5,4.274613438254203,4.276292287682093,1.786,7.862,7.880994,-18.5,-22.399988
715375804,715375804,910,5,5,4.290016812352187,4.2774752452882066,1.594,7.862,7.880994,-18.5,-22.399988
715375812,715375812,911,5,5,4.290232566758873,4.269297113988301,2.2030000000000003,7.862,7.880994,-18.5,-22.399988
715375820,715375820,912,5,5,4.311777193292145,4.266887201714338,1.979,7.862,7.880994,-18.5,-22.399988
715375828,715375828,913,5,5.0,4.32668507761382,4.193071197928254,1.915,7.862,7.880994,-18.5,-22.399988
715375836,715375836,914,5,5.0,4.346138812482739,4.269206145401786,1.851,7.862,7.880994,-18.5,-22.399988
715375844,715375844,915,5,5.0,4.3690736857483365,4.277679399982748,2.235,7.862,7.880994,-18.5,-22.399988
715375857,715375857,916,5,5.0,4.3899774663671645,4.275571321758303,2.075,7.862,7.880994,-18.5,-22.399988
715375865,715375865,917,5,5.0,4.400950346669764,4.280238952310809,1.851,7.862,7.880994,-18.5,-22.399988
715375873,715375873,918,5,5.0,4.409801693604615,4.287965223684989,2.1390000000000002,7.862,7.880994,-18.5,-22.399988
715375881,715375881,919,5,5.0,4.409161836039738,4.292294552458486,1.818,7.862,7.880994,-18.5,-22.399988
715375889,715375889,920,5,5.0,4.390079285137126,4.280149531886928,2.364,7.862,7.880994,-18.5,-22.399988
715375897,715375897,921,5,5.0,4.374376312451664,4.289464614523003,1.979,7.862,7.880994,-18.5,-22.399988
715375904,715375905,922,5,5.0,4.348300484773545,4.2780346060396335,2.171,7.862,7.880994,-18.5,-22.399988
715375912,715375913,923,5,5.0,4.341661157910443,4.286064481118617,2.011,7.862,7.880994,-18.5,-22.399988
715375920,715375921,924,5,5.0,4.30969051640219,4.1866597985653815,1.883,7.862,7.880994,-18.5,-22.399988
715375928,715375929,925,5,5.0,4.289994128743912,4.275115487316421,1.851,7.862,7.880994,-18.5,-22.399988
715375936,715375937,926,5,5.0,4.287783441083807,4.2777733101320115,1.979,7.862,7.880994,-18.5,-22.399988
715375944,715375945,927,5,5.0,4.288199686668031,4.273038045931183,2.332,7.862,7.880994,-18.5,-22.399988
715375952,715375953,928,5,5.0,4.281301581565487,4.279328412988772,2.171,7.862,7.880994,-18.5,-22.399988
715375960,715375961,929,5,5.0,4.279348759144457,4.280375830070955,1.979,7.862,7.880994,-18.5,-22.399988
715375978,715375979,930,5,5.0,4.279161001343888,4.291272535885168,1.883,7.862,7.880994,-18.5,-22.399988
715375986,715375987,931,5,5.0,4.273955374946366,4.27779323134954,1.9469999999999998,7.862,7.880994,-18.5,-22.399988
715375994,715375995,932,5,5.0,4.274196738198252,4.289053180995427,2.1069999999999998,7.862,7.880994,-18.5,-22.399988
715376002,715376003,933,5,5.0,4.276275282596903,4.300579469387298,2.043,7.862,7.880994,-18.5,-22.399988
715376148,715376149,934,5,5.0,4.282887882302407,4.306953393475596,2.011,7.862,7.880994,-18.5,-22.399988
715376156,715376157,935,5,5.0,4.276629556023375,4.3336000467492335,1.883,7.862,7.880994,-18.5,-22.399988
715376164,715376165,936,5,5.0,4.29708455740254,4.3784810119209405,1.979,7.862,7.880994,-18.5,-22.399988
715376182,715376183,937,5,5.0,4.302631337804259,4.426153038548754,2.043,7.862,7.880994,-18.5,-22.399988
715376190,715376191,938,5,5.0,4.298087706727551,4.421764102811679,1.883,7.862,7.880994,-18.5,-22.399988
715376198,715376199,939,5,5.0,4.2790607285955735,4.390566436274745,2.075,7.862,7.880994,-18.5,-22.399988
715376206,715376207,940,5,5.0,4.2674348890784985,4.205975182568717,2.1069999999999998,7.862,7.880994,-18.5,-22.399988
715376214,715376215,941,5,5.0,4.257999865118517,4.286139168262048,2.075,7.862,7.880994,-18.5,-22.399988
715376222,715376223,942,5,5.0,4.2797088840296444,4.273794565984474,1.915,7.862,7.880994,-18.5,-22.399988
715376230,715376231,943,5,5.0,4.2731209802792725,4.268113528532121,2.043,7.862,7.880994,-18.5,-22.399988
715376238,715376238,944,5,5.0,4.265964997214648,4.270998108507161,2.1390000000000002,7.862,7.880994,-18.5,-22.399988
715376246,715376246,945,5,5.0,4.266312495983955,4.2803527963178345,2.075,7.862,7.880994,-18.5,-22.399988
715376259,715376259,946,5,5.0,4.28227981770913,4.2847925762010135,2.332,7.862,7.880994,-18.5,-22.399988
715376267,715376268,947,5,5.0,4.3180742144383535,4.3097011239576295,2.075,7.862,7.880994,-18.5,-22.399988
715376275,715376276,948,5,5.0,4.368583361220192,4.375855752193987,2.267,7.862,7.880994,-18.5,-22.399988
715376283,715376283,949,5,5.0,4.389715111288818,4.392382249129159,1.9469999999999998,7.862,7.880994,-18.5,-22.399988
715376301,715376301,950,5,5.0,4.397997354964993,4.240937539451231,1.722,7.862,7.880994,-18.5,-22.399988
715376309,715376309,951,5,5.0,4.393396257056686,4.397902568387578,1.851,7.862,7.880994,-18.5,-22.399988
715376317,715376317,952,5,5.0,4.394383805838447,4.40427880884274,1.915,7.862,7.880994,-18.5,-22.399988
715376335,715376335,953,5,5.0,4.40241867318229,4.402138057343676,1.915,7.862,7.880994,-18.5,-22.399988
715376343,715376343,954,5,5.0,4.396561362932033,4.4034257085013415,2.171,7.862,7.880994,-18.5,-22.399988
715376350,715376351,955,5,5.0,4.3931241696958105,4.400551652160939,1.915,7.862,7.880994,-18.5,-22.399988
715376358,715376359,956,5,5.0,4.398507756661107,4.395917833159541,1.915,7.862,7.880994,-18.5,-22.399988
715376371,715376372,957,5,5.0,4.388913373067609,4.392290314982022,1.915,7.862,7.880994,-18.5,-22.399988
715376379,715376380,958,5,5.0,4.398350546975026,4.404036936513491,1.9469999999999998,7.862,7.880994,-18.5,-22.399988
715376387,715376388,959,5,5.0,4.4226762893340315,4.426307935242651,1.722,7.862,7.880994,-18.5,-22.399988
715376402,715376403,960,5,5.0,4.425536502000673,4.4232923483893485,2.1069999999999998,7.862,7.880994,-18.5,-22.399988
715376410,715376411,961,5,5.0,4.417688967072128,4.423750181113286,1.883,7.862,7.880994,-18.5,-22.399988
715376418,715376418,962,5,5.0,4.42022866965034,4.41781049500238,2.011,7.862,7.880994,-18.5,-22.399988
715376426,715376426,963,5,5.0,4.417861639252075,4.415846442960191,1.851,7.862,7.880994,-18.5,-22.399988
715376434,715376434,964,5,5.0,4.415329888871249,4.417180120040911,1.915,7.862,7.880994,-18.5,-22.399988
715376442,715376442,965,5,5.0,4.419345373225847,4.419383119617224,1.915,7.862,7.880994,-18.5,-22.399988
715376449,715376450,966,5,5.0,4.419583963749017,4.434406258262229,2.075,7.862,7.880994,-18.5,-22.399988
715376457,715376458,967,5,5.0,4.43544984498138,4.4440948112992285,1.626,7.862,7.880994,-18.5,-22.399988
715376465,715376466,968,5,5.0,4.448472506354856,4.453779548313036,2.011,7.862,7.880994,-18.5,-22.399988
715376473,715376474,969,5,5.0,4.461941036715935,4.469478298649674,1.786,7.862,7.880994,-18.5,-22.399988
715376491,715376492,970,5,5.0,4.470890427618026,4.1938624945992045,1.786,7.862,7.880994,-18.5,-22.399988
715376499,715376500,971,5,5.0,4.458152486187845,4.458508838329763,2.011,7.862,7.880994,-18.5,-22.399988
715376507,715376507,972,5,5.0,4.4353333866649525,4.4397619897382405,2.043,7.862,7.880994,-18.5,-22.399988
715376515,715376515,973,5,5.0,4.412890635149452,4.41396900017854,1.915,7.862,7.880994,-18.5,-22.399988
715376523,715376523,974,5,5.0,4.3940913978189835,4.392410215399301,2.1069999999999998,7.862,7.880994,-18.5,-22.399988
715376531,715376531,975,5,5.0,4.366641555101347,4.372130674290495,1.979,7.862,7.880994,-18.5,-22.399988
715376539,715376539,976,5,5.0,4.32493003671748,4.326485646355616,1.851,7.862,7.880994,-18.5,-22.399988
715376552,715376552,977,5,5.0,4.295983366699068,4.291838071854657,2.075,7.862,7.880994,-18.5,-22.399988
715376559,715376560,978,5,5.0,4.2783238810358135,4.273133321775313,2.1390000000000002,7.862,7.880994,-18.5,-22.399988
715376567,715376568,979,5,5.0,4.266689565327293,4.273928847850497,1.4980000000000002,7.862,7.880994,-18.5,-22.399988
715376576,715376576,980,5,5.0,4.270857680682038,4.271928299373664,2.1069999999999998,7.862,7.880994,-18.5,-22.399988
715376583,715376584,981,5,5.0,4.2606444706132995,4.272805428696675,2.011,7.862,7.880994,-18.5,-22.399988
715376591,715376592,982,5,5.0,4.271925703054303,4.272334887796494,2.043,7.862,7.880994,-18.5,-22.399988
715376599,715376600,983,5,5.0,4.268209717851488,4.2706548590585385,1.915,7.862,7.880994,-18.5,-22.399988
715376607,715376608,984,5,5.0,4.278079287776898,4.264054180054562,1.69,7.862,7.880994,-18.5,-22.399988
715376615,715376616,985,5,5.0,4.270743026473829,4.270260286913926,2.1069999999999998,7.862,7.880994,-18.5,-22.399988
715376623,715376624,986,5,5.0,4.273518323172847,4.270146235741072,1.786,7.862,7.880994,-18.5,-22.399988
715376631,715376632,987,5,5.0,4.27291604574656,4.271562545151431,1.979,7.862,7.880994,-18.5,-22.399988
715376639,715376640,988,5,5.0,4.267530358201701,4.270766486917837,1.851,7.862,7.880994,-18.5,-22.399988
715376647,715376648,989,5,5.0,4.274493274907927,4.277125755395682,1.9469999999999998,7.862,7.880994,-18.5,-22.399988
715376655,715376656,990,5,5.0,4.27283868671212,4.269286585777611,2.235,7.862,7.880994,-18.5,-22.399988
715376663,715376664,991,5,5.0,4.271101373448274,4.272911075816161,1.786,7.862,7.880994,-18.5,-22.399988
715376671,715376672,992,5,5.0,4.272626105015596,4.266264486957706,1.9469999999999998,7.862,7.880994,-18.5,-22.399988
715376679,715376680,993,5,5.0,4.270330478285045,4.260065031527573,1.851,7.862,7.880994,-18.5,-22.399988
715376687,715376688,994,5,5.0,4.270681999104284,4.265104960901929,1.9469999999999998,7.862,7.880994,-18.5,-22.399988
715376695,715376696,995,5,5.0,4.2648988014522,4.273624171180823,1.915,7.862,7.880994,-18.5,-22.399988
715376703,715376704,996,5,5.0,4.271948830929731,4.2833132721800204,2.1069999999999998,7.862,7.880994,-18.5,-22.399988
715376711,715376712,997,5,5.0,4.281477636084872,4.297475989111298,1.9469999999999998,7.862,7.880994,-18.5,-22.399988
715376719,715376719,998,5,5.0,4.31985224101619,4.327614138385503,2.043,7.862,7.880994,-18.5,-22.399988
715376732,715376733,999,5,5.0,4.346012194368599,4.3580874353704715,1.851,7.862,7.880994,-18.5,-22.399988
715376740,715376740,1000,5,5.0,4.362233025656674,4.366103956834532,2.075,7.862,7.880994,-18.5,-22.399988
715376748,715376748,1001,5,5.0,4.3661931326825085,4.393731035187574,2.011,7.862,7.880994,-18.5,-22.399988
715376761,715376761,1002,5,5.0,4.3743110951059085,4.423245583309678,2.011,7.862,7.880994,-18.5,-22.399988
715376769,715376769,1003,5,5.0,4.405457659375301,4.465104873314263,2.1069999999999998,7.862,7.880994,-18.5,-22.399988
715376777,715376777,1004,5,5.0,4.425977831152537,3.5714879644871926,1.915,7.862,7.880994,-18.5,-22.399988
715376795,715376795,1005,5,5.0,4.435312898546199,4.519803520770012,1.786,7.862,7.880994,-18.5,-22.399988
715376803,715376803,1006,5,5.0,4.445018134684537,4.551757870370372,2.043,7.862,7.880994,-18.5,-22.399988
715376810,715376811,1007,5,5.0,4.438603409792224,4.525662300884956,2.011,7.862,7.880994,-18.5,-22.399988
715376823,715376824,1008,5,5.0,4.45015689349861,4.5283797872340426,2.043,7.862,7.880994,-18.5,-22.399988
715376831,715376831,1009,5,5.0,4.445580885348655,4.493064471544716,2.171,7.862,7.880994,-18.5,-22.399988
715376838,715376839,1010,5,5.0,4.4545406324789605,4.514063320000001,1.9469999999999998,7.862,7.880994,-18.5,-22.399988
