Column1,PMC,emblem,Na ox%,Na peak area,Na abs error,Mg ox%,Mg peak area,Mg abs error,Al ox%,Al peak area,Al abs error,Si ox%,Si peak area,Si abs error,P ox%,P peak area,P abs error,S ox%,S peak area,S abs error,Cl ox%,Cl peak area,Cl abs error,K ox%,K peak area,K abs error,Ca ox%,Ca peak area,Ca error,Ti ox%,Ti peak area,Ti abs error,Cr ox%,Cr peak area,Cr abs error,Mn ox%,Mn peak area,Mn abs error,Fe ox%,Fe peak area,Fe abs error,Ni ox%,Ni peak,Ni abs error,Zn ox%,Zn peak area%,Zn abs error,Br ox%,Br peak area,Br abs error
0,70,shot_0,10.84,798.2,0.74%,0.65,268.5,0.24%,22.25,28061.9,1.12%,55.75,137804.1,2.80%,0.13,413.9,0.14%,0.83,5129.3,0.28%,3.4124,42567,0.54%,9.23,83306.9,0.49%,6.71,68430.4,0.34%,0.24,3063.8,0.21%,0,0,,0,0,,0.17,4485.8,0.18%,0.0128,413.3,0.03%,0.0124,323,0.03%,0.0337,348.6,0.04%
1,71,shot_1,9.9,726.4,0.70%,0.69,289.5,0.25%,22.06,27997,1.11%,55.79,138521,2.80%,0.14,431.7,0.15%,0.86,5275.7,0.29%,3.4138,42555.3,0.54%,9.34,84044.6,0.50%,6.77,68659.7,0.34%,0.22,2787,0.20%,0,0,,0,0,,0.17,4444.2,0.17%,0.0157,503.7,0.03%,0.0105,269.9,0.02%,0.0395,406,0.04%
2,72,shot_2,11.06,815.1,0.75%,0.67,278.1,0.24%,22.2,27966.1,1.12%,56.07,138654,2.81%,0.16,498.2,0.17%,0.83,5089.8,0.28%,3.3535,41879.4,0.55%,9.46,85502.1,0.50%,6.67,67909.4,0.34%,0.21,2581.4,0.19%,0,0,,0,0,,0.17,4428.6,0.17%,0.0112,360.5,0.03%,0.0087,226.5,0.02%,0.0352,364.9,0.04%
3,73,shot_3,10.13,743.1,0.71%,0.76,318.1,0.27%,21.67,27402.1,1.09%,55.38,137554,2.78%,0.15,466.5,0.16%,0.85,5223.3,0.29%,3.4116,42591.2,0.54%,9.55,86001.3,0.51%,6.68,67544.2,0.34%,0.18,2256.1,0.18%,0,0,,0,0,,0.18,4620,0.18%,0.013,417,0.03%,0.0135,348.6,0.03%,0.0417,427.7,0.03%
4,74,shot_4,0.8,62.9,0.38%,0.5,245.9,0.19%,52.06,74345.8,2.62%,9.8,16966.7,0.50%,0.18,529.5,0.18%,0.46,2723.4,0.20%,1.0498,12608.2,0.34%,0.22,2064.6,0.20%,0.29,3615.4,0.23%,0.1,1730.9,0.12%,0,0,,0,48.1,,0.12,4465.3,0.14%,0.0301,1379.2,0.03%,0.0143,532.1,0.03%,0.0198,296.8,0.04%
5,75,shot_5,0.91,71.3,0.40%,0.59,289.1,0.22%,49.84,70677.5,2.50%,10.11,17596.3,0.51%,0.18,528.4,0.18%,0.5,2923.8,0.18%,1.0699,12831.7,0.34%,0.26,2444.1,0.22%,0.31,3842.9,0.23%,0.06,996.1,0.07%,0,0,,0,0,,0.13,4913.8,0.15%,0.0332,1509.8,0.03%,0.0158,580.7,0.03%,0.0339,502.6,0.04%
6,76,shot_6,10.59,782.5,0.73%,0.65,273.1,0.24%,21.57,27352.8,1.09%,55.61,138709.3,2.79%,0.14,429.1,0.15%,0.9,5569.9,0.30%,3.3835,42419.2,0.55%,9.31,84304,0.50%,6.66,67984.8,0.33%,0.19,2439.9,0.19%,0,0,,0,0,,0.19,4889.7,0.18%,0.0147,475.3,0.03%,0.0124,323.1,0.03%,0.0392,406.2,0.04%
7,77,shot_7,10.87,803,0.74%,0.69,286.8,0.25%,21.68,27416.1,1.10%,55.6,138422.7,2.79%,0.16,514.5,0.17%,0.9,5579.6,0.30%,3.4041,42702.1,0.55%,9.45,85568.1,0.50%,6.7,68292.1,0.34%,0.23,2870.5,0.21%,0,0,,0,0,,0.18,4760.5,0.18%,0.0124,398.3,0.03%,0.0098,254,0.02%,0.0314,324.7,0.04%
8,78,shot_8,10.86,803.2,0.74%,0.76,319.2,0.27%,21.98,27814.5,1.11%,55.85,138858.1,2.80%,0.17,526.9,0.17%,0.82,5108.8,0.28%,3.4288,42980.6,0.54%,9.26,83891.9,0.49%,6.68,68390.9,0.34%,0.24,3024.5,0.21%,0,0,,0,0,,0.17,4536,0.18%,0.0139,450,0.03%,0.0103,267.7,0.02%,0.0298,309.9,0.04%
9,79,shot_9,11.03,816.7,0.75%,0.64,265.8,0.23%,22.13,28003.3,1.12%,56.29,139858.9,2.82%,0.13,406.3,0.14%,0.86,5322.4,0.29%,3.3645,42145,0.55%,9.2,83494.1,0.49%,6.74,69155.3,0.34%,0.25,3187.5,0.22%,0,0,,0,0,,0.17,4400.8,0.17%,0.0129,419.9,0.03%,0.0115,300.6,0.03%,0.0477,496.3,0.03%
10,80,shot_10,10.78,793.5,0.74%,0.76,316.5,0.27%,21.82,27478.5,1.10%,56.21,139220.2,2.82%,0.15,465.8,0.16%,0.89,5480.2,0.30%,3.4047,42405.8,0.54%,8.97,80962.7,0.48%,6.71,68692,0.34%,0.29,3609.2,0.23%,0,0,,0,0,,0.19,5011.8,0.19%,0.0204,657.8,0.03%,0.0122,317.3,0.03%,0.0356,368.5,0.04%
11,81,shot_11,9.56,699.8,0.68%,0.66,278,0.24%,21.68,27554.5,1.10%,55.65,138489.8,2.79%,0.18,558.9,0.18%,0.91,5576.6,0.30%,3.4161,42513.6,0.54%,9.11,81911.3,0.49%,6.73,68315.1,0.34%,0.26,3227,0.22%,0,0,,0,0,,0.2,5150.3,0.19%,0.0157,502.9,0.03%,0.008,206.1,0.02%,0.049,502.6,0.02%
12,82,shot_12,11.05,819.7,0.75%,0.58,241,0.22%,22.09,28005.8,1.12%,55.89,139104,2.80%,0.14,437.8,0.15%,0.86,5313.3,0.29%,3.4029,42713.3,0.55%,9.1,82688.3,0.49%,6.7,68951.8,0.34%,0.24,3016.6,0.21%,0,0,,0,0,,0.17,4460.4,0.17%,0.015,489.9,0.03%,0.0133,349.9,0.03%,0.0371,387.8,0.04%
13,83,shot_13,10.34,764,0.71%,0.78,326,0.27%,21.64,27488.1,1.09%,55.47,138495,2.78%,0.16,505.1,0.17%,0.93,5772.2,0.31%,3.3806,42430.8,0.55%,9.24,83811.1,0.49%,6.72,68750,0.34%,0.23,2910.7,0.21%,0,0,,0,0,,0.2,5188.9,0.19%,0.0154,498.4,0.03%,0.0106,275.1,0.02%,0.0351,363.4,0.04%
14,84,shot_14,1.79,137.4,0.57%,0.57,270.4,0.21%,45.7,63565.8,2.30%,18.19,34145.5,0.92%,0.15,462,0.16%,0.56,3308.9,0.20%,1.4323,17192.1,0.42%,1.22,11398.7,0.38%,0.98,11844.5,0.32%,0.14,2179,0.15%,0,0,,0,0,,0.15,5024.2,0.16%,0.025,1058.9,0.03%,0.0108,370.9,0.02%,0.0258,354.4,0.04%
15,85,shot_15,1.54,117.8,0.53%,0.57,271.7,0.21%,44.88,62597.9,2.26%,17.45,32696.9,0.88%,0.17,523.3,0.18%,0.48,2848.2,0.19%,1.4661,17595.9,0.43%,1.25,11628.9,0.39%,0.98,11709.9,0.32%,0.18,2869.3,0.18%,0,0,,0,0,,0.11,3623.4,0.12%,0.0247,1040.8,0.03%,0.0137,466.2,0.03%,0.0251,343.7,0.04%
16,86,shot_16,11.39,840,0.76%,0.57,234.1,0.21%,22.02,27678.5,1.11%,56.31,139226.9,2.83%,0.18,559.5,0.18%,0.91,5609.6,0.30%,3.426,42708.1,0.54%,9.08,82029.3,0.48%,6.7,68615.5,0.34%,0.27,3385,0.22%,0,0,,0,0,,0.19,4906.3,0.19%,0.0167,540.5,0.03%,0.0118,306.6,0.03%,0.0433,450.1,0.03%
17,87,shot_17,10.69,786.9,0.73%,0.71,297.2,0.26%,22.17,27987.2,1.12%,56.41,139686.9,2.83%,0.14,456.6,0.16%,0.88,5416.5,0.29%,3.4206,42621.8,0.54%,9.14,82403.1,0.49%,6.73,68764.3,0.34%,0.27,3382.4,0.22%,0,0,,0,0,,0.18,4727.7,0.18%,0.0184,593.6,0.03%,0.0123,319.6,0.03%,0.0445,461,0.03%
18,88,shot_18,10.31,756.5,0.72%,0.77,323,0.27%,21.68,27377.4,1.10%,55.84,138598.9,2.80%,0.15,459,0.16%,0.98,6048.3,0.32%,3.3844,42171.8,0.55%,8.92,80422.8,0.48%,6.9,70568.5,0.35%,0.3,3795,0.23%,0,0,,0,0,,0.2,5304.2,0.19%,0.0179,576.8,0.03%,0.0141,365.7,0.03%,0.0368,378.9,0.04%
19,89,shot_19,10.12,742.8,0.70%,0.75,311.3,0.26%,21.7,27461.1,1.10%,56.19,139568,2.82%,0.18,563.6,0.18%,0.88,5397,0.29%,3.3914,42196.9,0.55%,8.84,79635.5,0.47%,6.82,69817.8,0.34%,0.34,4236.4,0.23%,0,0,,0,81.1,0.01%,0.19,4899.1,0.19%,0.0207,665.3,0.03%,0.013,337.7,0.03%,0.0423,436.6,0.03%
20,90,shot_20,10.78,793.9,0.74%,0.78,324.3,0.27%,22.23,28003.4,1.12%,56.47,139510.4,2.83%,0.17,526.1,0.17%,0.92,5652.4,0.31%,3.4329,42673.6,0.54%,8.67,78187.1,0.46%,6.79,69822.1,0.34%,0.35,4417,0.23%,0,0,,0,2.2,,0.19,4916.7,0.19%,0.018,584.9,0.03%,0.0097,254.6,0.02%,0.0434,451.6,0.03%
21,91,shot_21,10.63,785.2,0.73%,0.69,288,0.25%,21.64,27424.2,1.09%,55.8,139063.5,2.80%,0.16,511.6,0.17%,0.94,5828.4,0.31%,3.3687,42180.3,0.55%,8.78,79693.5,0.47%,6.8,70130,0.34%,0.35,4388.8,0.23%,0,0,,0,0,,0.2,5210.7,0.19%,0.0199,646.7,0.03%,0.0118,308.3,0.03%,0.0393,408.5,0.04%
22,92,shot_22,10.38,766.1,0.72%,0.56,236.3,0.21%,22.05,28025.3,1.11%,55.84,139015.6,2.80%,0.16,510.4,0.17%,0.9,5575.7,0.30%,3.417,42746,0.54%,8.89,80497.2,0.47%,6.78,69674.8,0.34%,0.3,3815.9,0.23%,0,0,,0,0,,0.19,5039.3,0.19%,0.0207,670.1,0.03%,0.0119,310.4,0.03%,0.0415,431.1,0.04%
23,93,shot_23,10.05,737.9,0.70%,0.75,314.3,0.27%,21.89,27728.7,1.11%,56.06,139196.3,2.81%,0.18,575.9,0.18%,0.91,5585.3,0.30%,3.4081,42439.8,0.54%,9.07,81704.1,0.48%,6.78,69083.9,0.34%,0.28,3476.3,0.22%,0,0,,0,29.9,,0.2,5134.7,0.19%,0.0155,498.7,0.03%,0.0114,295,0.03%,0.0462,475.9,0.03%
24,94,shot_24,4.03,306,0.59%,0.58,263.1,0.22%,43.22,58138.3,2.17%,28.7,58129.8,1.44%,0.16,499.8,0.17%,0.63,3761.1,0.22%,1.8694,22609.5,0.50%,2.87,26667.8,0.57%,2.44,28121.7,0.55%,0.18,2664.7,0.18%,0,0,,0,0,,0.15,4543.2,0.16%,0.0239,933.1,0.03%,0.0106,335.3,0.02%,0.0323,407.9,0.04%
25,98,shot_25,15.04,1104.9,0.94%,1.12,436.9,0.36%,2.7,3227.9,0.57%,72.29,199642.5,3.63%,0.41,1223.9,0.22%,0.65,3813.7,0.23%,0.1622,1979.4,0.17%,0.08,778,0.10%,11.42,141556.9,0.57%,0.14,1920.8,0.15%,0.05,1159.4,0.06%,0.04,1126.9,0.06%,0.18,5219,0.18%,0.0467,1658.1,0.02%,0.0421,1204,0.02%,0.0114,130.3,0.03%
26,99,shot_26,14.9,1094.2,0.93%,1.13,441.7,0.36%,2.66,3191.9,0.57%,72.1,199320.5,3.62%,0.41,1221,0.22%,0.61,3583,0.22%,0.1734,2117.7,0.18%,0.09,873.5,0.11%,11.49,142244.6,0.58%,0.13,1833.3,0.15%,0.05,1218.6,0.07%,0.04,1156.3,0.06%,0.15,4239.6,0.16%,0.0484,1718.5,0.02%,0.0372,1062.6,0.02%,0.0076,86.8,0.02%
27,100,shot_27,16.11,1188.1,0.99%,1,387.3,0.33%,2.63,3129.8,0.56%,72.77,200237.5,3.65%,0.4,1220.9,0.22%,0.6,3543.4,0.21%,0.161,1967.3,0.17%,0.07,723.3,0.09%,11.46,142273.9,0.57%,0.13,1869.7,0.15%,0.05,1241.5,0.07%,0.05,1350.5,0.06%,0.13,3755.7,0.14%,0.0451,1612.4,0.02%,0.0367,1056.7,0.02%,0.0138,158.6,0.03%
28,101,shot_28,15.01,1103.8,0.94%,1.16,455,0.37%,2.62,3139.4,0.56%,72.29,199797.5,3.63%,0.38,1134.2,0.23%,0.64,3751,0.22%,0.1628,1987.5,0.17%,0.08,760.9,0.09%,11.49,142415.2,0.58%,0.13,1730.6,0.14%,0,378.7,,0.06,1518.4,0.07%,0.13,3730,0.14%,0.0393,1398.9,0.02%,0.0398,1141.3,0.02%,0.0155,176.6,0.03%
29,102,shot_29,15.32,1126.2,0.95%,1.1,430.6,0.36%,2.57,3067.3,0.56%,72.06,198845.3,3.61%,0.41,1230.8,0.22%,0.64,3756.7,0.22%,0.1746,2132.9,0.18%,0.08,821,0.10%,11.52,142707.8,0.58%,0.14,1912.5,0.15%,0.05,1172.4,0.06%,0.05,1406.8,0.07%,0.14,3968.3,0.15%,0.0475,1686.4,0.02%,0.0417,1191,0.02%,0.0115,130.4,0.03%
30,103,shot_30,15.06,1110.6,0.94%,1.11,436.9,0.36%,2.53,3043.2,0.56%,72.24,200432.2,3.62%,0.4,1216.1,0.22%,0.57,3364.2,0.20%,0.1486,1821.4,0.16%,0.08,787.6,0.10%,11.47,142707.8,0.58%,0.13,1846.7,0.15%,0.05,1146.1,0.06%,0.05,1312.8,0.06%,0.14,4009,0.15%,0.0518,1847.5,0.02%,0.0429,1230,0.02%,0.0152,174.1,0.03%
31,104,shot_31,14.94,1097,0.93%,1.15,449,0.37%,2.65,3176.7,0.56%,72.3,199862,3.63%,0.39,1176.7,0.23%,0.61,3612.7,0.22%,0.1673,2043.2,0.17%,0.09,857.3,0.10%,11.53,142824.7,0.58%,0.13,1836.6,0.15%,0.05,1216.6,0.07%,0.04,1203.3,0.06%,0.15,4185.6,0.16%,0.0518,1838.3,0.02%,0.0375,1071.3,0.02%,0.0144,163.6,0.03%
32,105,shot_32,15,1102.5,0.94%,1.16,454.4,0.37%,2.72,3254.8,0.57%,72.43,200031.3,3.63%,0.39,1179.3,0.23%,0.6,3537.2,0.21%,0.1485,1811.4,0.16%,0.07,676.6,0.08%,11.45,141941.6,0.57%,0.12,1685.9,0.14%,0,255.9,,0.05,1292,0.06%,0.13,3857,0.15%,0.0431,1536.3,0.02%,0.039,1119.1,0.02%,0.0228,260.6,0.04%
33,106,shot_33,14.32,1048.1,0.90%,1.15,452.7,0.37%,2.55,3069.2,0.56%,72.02,199735.7,3.61%,0.38,1130.5,0.23%,0.64,3770.4,0.23%,0.1584,1932.9,0.17%,0.08,791.9,0.10%,11.56,142954.2,0.58%,0.13,1786.5,0.14%,0.05,1263.1,0.07%,0.05,1270.6,0.06%,0.15,4405.4,0.16%,0.0456,1610.6,0.02%,0.0438,1244.3,0.02%,0.0157,178.2,0.03%
34,107,shot_34,13.95,1019.7,0.89%,1.05,414.4,0.35%,2.59,3121.5,0.56%,71.73,199445.1,3.60%,0.38,1153.6,0.23%,0.61,3597.6,0.22%,0.1665,2030.6,0.17%,0.09,845,0.10%,11.5,142149.8,0.58%,0.14,1877.4,0.15%,0.05,1190.2,0.07%,0.05,1351.5,0.06%,0.15,4173.4,0.16%,0.0501,1766.9,0.02%,0.039,1107.5,0.02%,0.0108,122.4,0.03%
35,108,shot_35,15.26,1122.8,0.95%,1.07,417.7,0.35%,2.74,3277.2,0.57%,72.07,198820.8,3.61%,0.4,1196,0.23%,0.64,3770.9,0.23%,0.159,1942,0.17%,0.07,720.3,0.09%,11.44,141923.9,0.57%,0.13,1819,0.14%,0,356.1,,0.05,1466.2,0.07%,0.16,4510.9,0.16%,0.0338,1203,0.03%,0.0361,1036.3,0.02%,0.0226,258.9,0.04%
36,109,shot_36,15.1,1110.1,0.94%,1.02,399,0.34%,2.61,3131.1,0.56%,72.44,200354.8,3.63%,0.36,1086.8,0.23%,0.61,3569.7,0.22%,0.1486,1813.6,0.16%,0.07,728.3,0.09%,11.44,141835.8,0.57%,0.13,1797.4,0.14%,0,524.5,,0.06,1582.4,0.07%,0.14,3923.3,0.15%,0.0439,1565.5,0.02%,0.0338,970.1,0.03%,0.0097,110.6,0.02%
37,110,shot_37,15.02,1103.4,0.94%,1.07,420.7,0.35%,2.63,3151,0.56%,72.26,199710.1,3.62%,0.42,1272.7,0.22%,0.6,3510.6,0.21%,0.1517,1851.5,0.16%,0.07,683.1,0.09%,11.54,142970.2,0.58%,0.14,1914.1,0.15%,0,197.4,,0.05,1432.3,0.07%,0.15,4211.1,0.16%,0.0446,1586.1,0.02%,0.0399,1141.4,0.02%,0.0151,172.2,0.03%
38,111,shot_38,15.43,1136.2,0.96%,1.07,417.9,0.35%,2.57,3073,0.56%,72.65,200640.1,3.64%,0.37,1119.3,0.23%,0.57,3326.7,0.20%,0.1474,1800.3,0.16%,0.06,603.5,0.08%,11.51,142822.9,0.58%,0.13,1766.3,0.14%,0,476.2,,0.06,1482.6,0.07%,0.12,3489.5,0.14%,0.0407,1453.8,0.02%,0.0411,1181.5,0.02%,0.0097,111.5,0.02%
39,112,shot_39,14.89,1093.4,0.93%,1.06,414.2,0.35%,2.72,3266.7,0.57%,72.16,199546,3.62%,0.42,1263.4,0.22%,0.6,3507.9,0.21%,0.168,2051.2,0.17%,0.09,849.8,0.10%,11.57,143229.8,0.58%,0.14,1862.8,0.15%,0,348.2,,0.05,1396.2,0.07%,0.14,4109.2,0.15%,0.0457,1623.5,0.02%,0.0413,1179.3,0.02%,0.0135,154,0.03%
40,113,shot_40,15.54,1143.2,0.96%,0.86,336.5,0.30%,2.73,3270,0.57%,72.77,200796.3,3.65%,0.42,1259.5,0.22%,0.62,3642.2,0.22%,0.1503,1834.4,0.16%,0.07,732.3,0.09%,11.56,143275.2,0.58%,0.13,1741.2,0.14%,0,337.7,,0.05,1355.7,0.06%,0.13,3776.8,0.14%,0.0394,1404.9,0.02%,0.0418,1197.8,0.02%,0.0223,255.3,0.04%
41,114,shot_41,16.11,1188.9,0.99%,0.96,371.8,0.32%,2.65,3157.3,0.56%,73.04,201153.5,3.66%,0.35,1041.7,0.23%,0.57,3345.2,0.20%,0.1476,1805.2,0.16%,0.09,844.9,0.10%,11.54,143332.6,0.58%,0.13,1855,0.15%,0.05,1257.6,0.07%,0.05,1459.7,0.07%,0.12,3517.1,0.14%,0.0396,1414.7,0.02%,0.0398,1145.1,0.02%,0.0134,153.4,0.03%
42,115,shot_42,15.19,1116.8,0.95%,1.08,424.7,0.35%,2.77,3314.7,0.57%,72.64,200537.2,3.64%,0.41,1229.4,0.22%,0.61,3560.8,0.21%,0.1511,1844.1,0.16%,0.07,716.9,0.09%,11.51,142667.2,0.58%,0.13,1822.1,0.14%,0,445.4,,0.05,1359.9,0.06%,0.14,4151.5,0.15%,0.0423,1506,0.02%,0.0368,1055.5,0.02%,0.0111,126.6,0.03%
43,116,shot_43,15.18,1115.5,0.94%,1.06,414,0.35%,2.84,3397.2,0.57%,72.24,199210.1,3.62%,0.42,1255.8,0.22%,0.68,3995.3,0.24%,0.1693,2067.3,0.17%,0.09,895.7,0.11%,11.52,142702.7,0.58%,0.13,1821.5,0.14%,0.05,1161.5,0.06%,0.05,1316.4,0.06%,0.16,4675,0.17%,0.0416,1478.1,0.02%,0.0386,1102.9,0.02%,0.0211,240.7,0.04%
44,117,shot_44,15.53,1143.6,0.96%,1.23,479,0.39%,2.7,3228.8,0.57%,72.58,199927.5,3.64%,0.39,1184.8,0.23%,0.75,4380.8,0.26%,0.154,1880.6,0.16%,0.07,693.6,0.09%,11.51,142757.9,0.58%,0.13,1860.3,0.15%,0,425.9,,0.05,1423.4,0.07%,0.15,4181.4,0.16%,0.038,1355.8,0.02%,0.0355,1019.9,0.03%,0.0106,121.3,0.03%
45,118,shot_45,15.81,1164.5,0.97%,0.97,377.9,0.33%,2.66,3178.8,0.57%,73.07,201409,3.66%,0.39,1172.5,0.23%,0.56,3275.4,0.20%,0.14,1709.7,0.15%,0.08,796.5,0.10%,11.51,142769.6,0.58%,0.14,1941.2,0.15%,0.05,1185.3,0.06%,0.04,1190.5,0.06%,0.12,3371.9,0.13%,0.052,1856.8,0.02%,0.0363,1043.5,0.02%,0.0166,190.1,0.04%
46,119,shot_46,15.81,1166,0.97%,1.09,423.7,0.35%,2.64,3149.6,0.56%,72.59,199886.9,3.64%,0.39,1175.1,0.23%,0.62,3655.8,0.22%,0.151,1844.1,0.16%,0.07,653,0.08%,11.45,142110.4,0.57%,0.12,1660.3,0.13%,0,469.8,,0.05,1325,0.06%,0.14,4178.4,0.16%,0.0433,1549,0.02%,0.0362,1041.1,0.02%,0.014,161.1,0.03%
47,120,shot_47,15.2,1117.7,0.94%,1.02,400.5,0.34%,2.55,3052.2,0.56%,72.55,200615.5,3.64%,0.39,1176.4,0.23%,0.58,3407.5,0.21%,0.1413,1724.6,0.15%,0.07,686.3,0.09%,11.52,142853,0.58%,0.13,1753.8,0.14%,0,437.3,,0.06,1482,0.07%,0.13,3751.8,0.14%,0.0446,1587,0.02%,0.0445,1274.1,0.02%,0.0197,224.3,0.04%
48,121,shot_48,14.19,1038.1,0.90%,1.13,446.1,0.37%,2.71,3260,0.57%,71.75,198783,3.60%,0.41,1236.6,0.22%,0.64,3742,0.22%,0.136,1658.4,0.15%,0.08,806.6,0.10%,11.47,141900.7,0.58%,0.13,1812.8,0.14%,0.06,1289.9,0.07%,0.05,1304.3,0.06%,0.16,4554.8,0.17%,0.0524,1853.8,0.02%,0.0417,1186.7,0.02%,0.0142,161.3,0.03%
49,122,shot_49,15.38,1132,0.95%,1.09,426.2,0.36%,2.63,3148.4,0.56%,72.47,199980.4,3.63%,0.38,1143.5,0.23%,0.6,3532.9,0.21%,0.1551,1894.1,0.16%,0.07,691.8,0.09%,11.5,142626.6,0.58%,0.14,1937.8,0.15%,0,420.3,,0.05,1461.4,0.07%,0.14,4080.8,0.15%,0.0433,1544.1,0.02%,0.0294,842,0.03%,0.0168,192.5,0.04%
50,126,shot_50,0,0,,0,5.3,,0.26,324,0.22%,1.22,3010.6,0.38%,0.03,75.3,0.06%,0.1,543.9,0.12%,0,239,,0,0,,0,0,,0,0,,0,768.2,,0,0,,0,55.3,,0.048,1883.2,0.02%,0.0077,207.7,0.02%,0.0388,370.7,0.04%
51,127,shot_51,0,0,,0.57,258.6,0.21%,0.29,326.3,0.23%,1.25,3011,0.39%,0,14.5,,0,109.4,,1.0423,11367.5,0.34%,0,0,,0,0,,0,0,,0,910.3,,0,0,,0,21.1,,0.0159,431.9,0.03%,0.0273,577.8,0.03%,0.0539,418.1,0.02%
52,128,shot_52,0,0,,0,2.2,,0.3,385.8,0.23%,1.38,3503,0.41%,0.03,94.6,0.06%,0.12,626.9,0.13%,0,63.2,,0,0,,0,11.4,,0,0,,0,706.4,,0,0,,0,2,,0.0539,2172.7,0.02%,0.0047,133.4,0.01%,0.0212,222,0.04%
53,129,shot_53,0,0,,0,1.1,,0.27,342.6,0.22%,1.4,3683.9,0.42%,0.03,96,0.06%,0.16,868.7,0.17%,0.0575,621.2,0.07%,0,0,,0,0.8,,0,0,,0,751,,0,0,,0,27.1,,0.0421,1625,0.02%,0.0045,125.8,0.01%,0.022,232.5,0.04%
54,130,shot_54,0,0,,0,0.4,,0.23,290.4,0.21%,1.18,2969.8,0.37%,0,4.8,,0.08,447.8,0.10%,0,42.6,,0,0,,0,0,,0,0,,0,946.1,,0,0,,0,129.1,,0.034,1371.4,0.03%,0.0085,243.2,0.02%,0.0369,373.3,0.04%
55,131,shot_55,L5,,,total,keV,cps,Si,Fe,=,,,,elements,,,0,0,,0.1,44.1,0.12%,0.28,358.2,0.23%,1.32,3441.4,0.40%,0.02,45.2,0.04%,0.11,649.4,0.13%,0.2563,2800,0.22%,0,0,,0,0,,0,0,,0,1074.9,
56,132,shot_56,0,0,,0,2,,0.25,324.7,0.22%,1.25,3219.8,0.39%,0.04,100.5,0.06%,0.11,588.8,0.12%,0,192,,0,0,,0,0,,0,0,,0,973.1,,0,0,,0,128.6,,0.0394,1605.3,0.02%,0.0084,243,0.02%,0.0203,216,0.04%
57,133,shot_57,0,0,,0,3.5,,0.2,250.9,0.19%,1.13,2857.6,0.36%,0.03,76.5,0.06%,0.09,487.3,0.11%,0.0286,307.8,0.06%,0,0,,0,0,,0,0,,0,890.8,,0,0,,0,99.2,,0.0541,2047.9,0.02%,0.008,204.9,0.02%,0.0347,319.1,0.04%
58,134,shot_58,0,0,,0.07,29.5,0.09%,0.22,268,0.20%,1.3,3333.3,0.40%,0.02,57.5,0.05%,0.1,516.9,0.11%,0,155.4,,0,0,,0,0,,0,0,,0,862.3,,0,0,,0,71.8,,0.037,1525.2,0.02%,0.0044,131.4,0.01%,0.0258,281.8,0.04%
59,135,shot_59,0,0,,0.2,87.4,0.20%,0.34,407.8,0.23%,1.72,4213.9,0.48%,0.03,71.1,0.05%,0.14,752.6,0.15%,0,744.5,,0,0,,0,0,,0,0,,0,809.2,,0,0,,0.01,325.3,0.03%,0.0177,742,0.03%,0.0102,329.4,0.02%,0.0476,551.9,0.03%
60,136,shot_60,0,0,,0.3,136.4,0.23%,0.32,369.4,0.23%,1.49,3672.1,0.44%,0,2.5,,0.06,374.1,0.08%,0.378,4138.4,0.23%,0,0,,0,0,,0,0,,0,974.8,,0,0,,0,95.8,,0.0168,570.6,0.03%,0.0145,381,0.03%,0.0415,400.3,0.04%
61,137,shot_61,0,0,,0.2,85.6,0.20%,0.08,93.2,0.10%,1.55,3673.3,0.45%,0,6.3,,0.13,699.6,0.15%,0,15.9,,0,0,,0,0,,0,0,,0,1166,,0,0,,0,133.1,,0.0392,1528.8,0.02%,0.0183,511.3,0.03%,0.1141,1009,0.05%
62,138,shot_62,0,0,,0.07,32.7,0.10%,0.35,439.6,0.23%,1.45,3669.8,0.43%,0.03,96.2,0.06%,0.12,672.1,0.14%,0,48.5,,0,0,,0,0,,0,0,,0,890.4,,0,0,,0,9.3,,0.0232,992.6,0.03%,0.0053,172.5,0.01%,0.0218,265.5,0.04%
63,139,shot_63,0,0,,0.06,25,0.08%,0.31,388,0.23%,1.46,3712.1,0.43%,0.05,131.7,0.06%,0.13,719.1,0.14%,0,56.8,,0,0,,0,0,,0,0,,0,878.7,,0,0,,0,13.2,,0.0467,1920.2,0.02%,0.0064,185,0.02%,0.0167,182.5,0.04%
64,140,shot_64,0,0,,0.19,84.9,0.19%,0.34,408.3,0.23%,1.71,4298,0.47%,0.06,176.3,0.08%,0.14,795.6,0.16%,0.068,746.1,0.08%,0,0,,0,6.3,,0,0,,0,1044.8,,0,0,,0.02,514.8,0.04%,0.0101,403.6,0.02%,0.0085,267.3,0.02%,0.0404,467.3,0.04%
65,141,shot_65,0,0,,0.05,21.6,0.07%,0.31,394.7,0.23%,1.39,3558.4,0.42%,0.04,114.3,0.06%,0.11,629.1,0.13%,0.0464,507.3,0.07%,0,0,,0,0,,0,0,,0,921.8,,0,0,,0,33.5,,0.0214,865.6,0.03%,0.0073,223.7,0.02%,0.0274,309.5,0.04%
66,142,shot_66,0,0,,0,2,,0.28,356.4,0.22%,1.43,3662.3,0.42%,0.05,128.1,0.06%,0.13,704,0.14%,0,0,,0,0,,0,0,,0,0,,0,847.5,,0,0,,0,9.7,,0.0382,1550.9,0.02%,0.0114,330.3,0.03%,0.029,303.5,0.04%
67,143,shot_67,0,0,,0,0.4,,0.27,338.1,0.22%,1.38,3511.1,0.41%,0.03,80.6,0.06%,0.12,665.1,0.14%,0.0159,171.5,0.04%,0,0,,0,0,,0,0,,0,898,,0,0,,0,52.5,,0.0452,1787.7,0.02%,0.0092,257.5,0.02%,0.0357,359.7,0.04%
68,144,shot_68,0,0,,0.35,155.8,0.23%,0.4,458.8,0.23%,1.69,4147.3,0.47%,0.02,57,0.04%,0.15,893.1,0.16%,0.2963,3303.6,0.23%,0,0,,0,73.3,,0,0,,0,710.4,,0,0,,0.08,2316.5,0.10%,0.0074,246.5,0.02%,0.008,211.6,0.02%,0.018,182.8,0.04%
69,145,shot_69,total,keV,cps,Si,Fe,=,,,,elements,,,0,0,,0.28,123.8,0.23%,0.45,540.6,0.21%,2.03,5193.5,0.52%,0.04,126.6,0.06%,0.18,1067,0.18%,0.3502,3882.3,0.23%,0,0,,0.02,221.7,0.05%,0,292.7,,0,1358.2,,0,0,
70,146,shot_70,0,0,,0,2.1,,0.25,325.4,0.22%,1.35,3521.4,0.41%,0.03,95.3,0.06%,0.11,606.7,0.13%,0.025,272.3,0.05%,0,0,,0,0,,0,0,,0,1120.3,,0,0,,0,0.4,,0.0423,1685,0.02%,0.0046,132,0.01%,0.0229,243,0.04%
71,147,shot_71,0,0,,0,2.2,0.04%,0.36,478.6,0.23%,1.76,4658.4,0.48%,0.07,210,0.09%,0.19,1041.9,0.19%,0,264.1,,0,0,,0,124.3,,0,0,,0,1304.8,,0,0,,0,33.8,,0.0149,635.2,0.03%,0.0131,430.5,0.03%,0.0242,294.8,0.04%
72,148,shot_72,0,0,,0,4,,0.34,446.2,0.23%,1.64,4317.2,0.46%,0.05,133.3,0.06%,0.11,620.3,0.13%,0,377.4,,0,0,,0,16.8,,0,0,,0,1215.4,,0,0,,0,33.3,,0.0446,1853.5,0.02%,0.0036,107.7,0.01%,0.0131,150.5,0.03%
73,149,shot_73,0,0,,0.29,128.4,0.23%,0.42,502.5,0.22%,2.09,5101.6,0.52%,0.05,142,0.06%,0.19,1057.9,0.19%,0,32.6,,0,0,,0,138.2,,0,0,,0,1172.3,,0,0,,0,3.7,,0.0308,1315.4,0.03%,0.0146,472.3,0.03%,0.0537,625.5,0.02%
74,150,shot_74,0,0,,0.18,78.2,0.18%,0.38,469.2,0.23%,1.74,4305.7,0.48%,0.03,77.8,0.06%,0.14,770.7,0.15%,0,849.6,,0,0,,0,37.9,,0,0,,0,1376.9,,0,0,,0.01,193,0.02%,0.0127,543.5,0.03%,0.0096,318.1,0.02%,0.0407,493.5,0.04%
